text_id	gold_type	f1_eval_note	gold_pairs	gold_n_pairs	final_n_pairs	matches_final_vs_gold	tag_empty_aspect	tag_long_term	tag_taxonomy_like	tag_summary	text	uid	profile	stage1_tuple_source	stage1_n_pairs	stage1_pairs	final_tuple_source	final_pairs	gold_tuple_source	delta_pairs_count	stage1_to_final_changed	stage1_to_final_changed_from_delta	guided_change	unguided_drift	matches_stage1_vs_gold	new_correct_in_final	new_wrong_in_final	risk_flagged	stage1_structural_risk	stage2_structural_risk	risk_resolution	polarity_conflict_raw	polarity_conflict_after_rep	stage_mismatch	unsupported_polarity	aspect_hallucination	alignment_failure_count	validator_s1_risk_ids	validator_s2_risk_ids	moderator_selected_stage	moderator_rules	episodic_memory_effect	memory_enabled	memory_retrieved_n	memory_used	memory_ids_or_hash
nikluge-sa-2022-train-02669	explicit		ì‰¬ë“œì—˜ì•„í‹°ìŠ¤íŠ¸ì›¨ì–´ìŠ¤í‚¨í•ë“€ì–¼ì»¨ì‹¤ëŸ¬|positive	1	2	0	0	1	0	long	#ì‰¬ë“œì—˜ì•„í‹°ìŠ¤íŠ¸ì›¨ì–´ìŠ¤í‚¨í•ë“€ì–¼ì»¨ì‹¤ëŸ¬ ë‚´ë§ˆìŒ #ì»¨ì‹¤ëŸ¬ìˆœìœ„ 0ë²ˆ ðŸ˜™ðŸ˜™		paper_main	stage1_tuples	1	ì»¨ì‹¤ëŸ¬|neutral	final_tuples	ì»¨ì‹¤ëŸ¬|neutral;ì»¨ì‹¤ëŸ¬|positive	inputs.gold_tuples	1	1	0	0	1	0	0	2	1	1	0	1	1	1	0	1	1	1			stage2	RuleB	0	0	0	0	
nikluge-sa-2022-train-01786	implicit	not evaluated for explicit F1	|positive	1	2	0	1	0	0	empty	íŒŒìš°ì¹˜ì— ì™ ë„£ê³  ìžì£¼ ìžì£¼ ë°œë¼ì¤˜ì•¼ê² ì–´ìš”		paper_main	stage1_tuples	1	íŒŒìš°ì¹˜|neutral	final_tuples	íŒŒìš°ì¹˜|neutral;íŒŒìš°ì¹˜|positive	inputs.gold_tuples	1	1	0	0	1	0	0	2	1	1	0	1	1	1	0	0	0	0			stage2	RuleB	0	0	0	0	
nikluge-sa-2022-train-02482	implicit	not evaluated for explicit F1	|positive;ì ¤ì œí˜•|positive	2	5	0	1	0	0	empty	ì—¬ë¦„ì— ì‚¬ìš©í•˜ê¸° ì¢‹ì€ ì ¤ì œí˜•ìœ¼ë¡œ ë¶€ë“œëŸ½ê³  ì´‰ì´‰í•œ ë°œë¦¼ì„± í”¼ë¶€ì— ë¹ ë¥´ê²Œ ë°€ì°©ë˜ì–´ ê²‰ëŒì§€ì•Šê³  ëˆì ì´ì§€ ì•Šì•„ ì‚°ëœ»í•œëŠë‚Œ!!		paper_main	stage1_tuples	4	ë°œë¦¼ì„±|neutral;ì‚°ëœ»í•œëŠë‚Œ|neutral;ì ¤ì œí˜•|neutral;í”¼ë¶€|neutral	final_tuples	ë°œë¦¼ì„±|neutral;ì‚°ëœ»í•œëŠë‚Œ|positive;ì ¤ì œí˜•|neutral;í”¼ë¶€|neutral;í”¼ë¶€|positive	inputs.gold_tuples	1	1	1	1	0	0	0	5	1	1	0	1	1	1	0	1	1	4			stage2	RuleB	1	0	0	0	
nikluge-sa-2022-train-01939	implicit	not evaluated for explicit F1	|positive	1	3	0	1	0	0	empty	ìƒ¤ì›Œí›„ ê°€ë³ê²Œ ë¿Œë ¤ì£¼ë©´ ìž”í–¥ë„ ì˜¤ëž˜ê°€ ë¨¸ë¦¬ë¶€í„° ë°œëê¹Œì§€ í–¥ê¸°ë¡œìš´ ì—¬ìž~		paper_main	stage1_tuples	2	ë¨¸ë¦¬ë¶€í„° ë°œëê¹Œì§€ í–¥ê¸°ë¡œìš´ ì—¬ìž|neutral;ìž”í–¥|neutral	final_tuples	ë¨¸ë¦¬ë¶€í„° ë°œëê¹Œì§€ í–¥ê¸°ë¡œìš´ ì—¬ìž|negative;ìž”í–¥|neutral;ìž”í–¥|positive	inputs.gold_tuples	1	1	1	1	0	0	0	3	1	1	0	1	1	1	0	1	1	2			stage2	RuleB	1	0	0	0	
nikluge-sa-2022-train-00565	implicit	not evaluated for explicit F1	|positive	1	2	0	1	0	0	empty	ì´ê±°ìŠ¨ ë ˆì•Œ ì‹ ì„¸ê³„ì•¼ðŸ˜±		paper_main	stage1_tuples	1	ì‹ ì„¸ê³„|neutral	final_tuples	ì‹ ì„¸ê³„|neutral;ì‹ ì„¸ê³„|positive	inputs.gold_tuples	1	1	0	0	1	0	0	2	1	1	0	1	1	1	0	0	0	0			stage2	RuleB	0	0	0	0	
nikluge-sa-2022-train-02384	implicit	not evaluated for explicit F1	|positive	1	4	0	1	0	0	empty	ìš•ì‹¤, ë‹¤ìš©ë„ì‹¤,ë°œì½”ë‹ˆ ë“± ë‹¤ì–‘í•œê³³ì—ì„œ ì‚¬ìš©ê°€ëŠ¥í•˜ë‹ˆðŸ‘		paper_main	stage1_tuples	3	ë‹¤ìš©ë„ì‹¤|neutral;ë°œì½”ë‹ˆ|neutral;ìš•ì‹¤|neutral	final_tuples	ë‹¤ìš©ë„ì‹¤|neutral;ë°œì½”ë‹ˆ|neutral;ë°œì½”ë‹ˆ|positive;ìš•ì‹¤|neutral	inputs.gold_tuples	1	1	0	0	1	0	0	4	1	1	0	1	1	1	0	1	1	2			stage2	RuleB	0	0	0	0	
nikluge-sa-2022-train-00536	explicit		ë§ˆìŠ¤í¬íŒ©|positive	1	6	0	0	0	0		í”¼ë¶€ ë‹¨ë°±ì§ˆ êµ¬ì¡°ì™€ ê°€ìž¥ í¡ì‚¬í•œ ê³ ê°€ì˜ ìºë¹„ì•„ë¥¼ ì €ë ´í•œ ê°€ê²©ì— ë§ˆìŠ¤í¬íŒ©ìœ¼ë¡œ í”¼ë¶€ê´€ë¦¬ë¥¼ í•  ìˆ˜ ìžˆìœ¼ë‹ˆ #ëŒ€ë°•í…œ !!ðŸ’œ		paper_main	stage1_tuples	5	ê³ ê°€ì˜ ìºë¹„ì•„|neutral;ë§ˆìŠ¤í¬íŒ©|neutral;ì €ë ´í•œ ê°€ê²©|neutral;í”¼ë¶€ ë‹¨ë°±ì§ˆ êµ¬ì¡°|neutral;í”¼ë¶€ê´€ë¦¬|neutral	final_tuples	ê³ ê°€ì˜ ìºë¹„ì•„|positive;ë§ˆìŠ¤í¬íŒ©|neutral;ì €ë ´í•œ ê°€ê²©|neutral;ì €ë ´í•œ ê°€ê²©|positive;í”¼ë¶€ ë‹¨ë°±ì§ˆ êµ¬ì¡°|neutral;í”¼ë¶€ê´€ë¦¬|positive	inputs.gold_tuples	1	1	1	1	0	0	0	6	1	1	0	1	1	1	0	1	1	4			stage2	RuleB	1	0	0	0	
nikluge-sa-2022-train-01823	implicit	not evaluated for explicit F1	|positive	1	2	0	1	0	0	empty	ìš”ì¦˜ ê±´ì¡°í•´ì„œ ìš”ê±° ì•ˆì“¸ìˆ˜ê°€ì—†ì–´ìš”		paper_main	stage1_tuples	1	ê±´ì¡°|neutral	final_tuples	ê±´ì¡°|neutral;ê±´ì¡°|positive	inputs.gold_tuples	1	1	0	0	1	0	0	2	1	1	0	1	1	1	0	0	0	0			stage2	RuleB	0	0	0	0	
nikluge-sa-2022-train-01707	implicit	not evaluated for explicit F1	|positive	1	3	0	1	0	0	empty	ìžê¸° ì „ ë“¬ë¿ ë°œë¼ ìˆ˜ë©´íŒ©ìœ¼ë¡œ ì‚¬ìš©í•˜ë©´ ì•„ì¹¨ì— í”¼ë¶€ê°€ ë³´ë“¤ë³´ë“¤ ì«€ì«€í•˜ëŠë‚Œì´ì—ìš”		paper_main	stage1_tuples	2	ìˆ˜ë©´íŒ©|neutral;í”¼ë¶€|neutral	final_tuples	ìˆ˜ë©´íŒ©|neutral;í”¼ë¶€|neutral;í”¼ë¶€|positive	inputs.gold_tuples	1	1	0	0	1	0	0	3	1	1	0	1	1	1	0	1	1	1			stage2	RuleB	0	0	0	0	
nikluge-sa-2022-train-02651	implicit	not evaluated for explicit F1	|positive	1	2	0	1	0	0	empty	#ê°ì§ˆì œê±° #í”¼ì§€ì œê±° ë°”ë¥´ê¸°ë§Œ í•˜ë©´ ë!		paper_main	stage1_tuples	2	ê°ì§ˆì œê±°|neutral;í”¼ì§€ì œê±°|neutral	final_tuples	ê°ì§ˆì œê±°|neutral;í”¼ì§€ì œê±°|negative	inputs.gold_tuples	0	1	1	1	0	0	0	2	0	0	0	0	0	0	0	0	0	0			stage2	RuleB	0	0	0	0	
nikluge-sa-2022-train-01813	implicit	not evaluated for explicit F1	|positive	1	4	0	1	0	0	empty	ë¸”ë£¨ì§„ë¶€í„° ì„¸ë¯¸ì •ìž¥ê¹Œì§€ ì–´ëŠ ìŠ¤íƒ€ì¼ì— ë‹¤ ìž˜ ì–´ìš¸ë¦¬ì§€ìš”		paper_main	stage1_tuples	3	ë¸”ë£¨ì§„|neutral;ì„¸ë¯¸ì •ìž¥|neutral;ìŠ¤íƒ€ì¼|neutral	final_tuples	ë¸”ë£¨ì§„|neutral;ì„¸ë¯¸ì •ìž¥|neutral;ì„¸ë¯¸ì •ìž¥|positive;ìŠ¤íƒ€ì¼|neutral	inputs.gold_tuples	1	1	0	0	1	0	0	4	1	1	0	1	1	1	0	1	1	2			stage2	RuleB	0	0	0	0	
nikluge-sa-2022-train-02916	explicit		ë‹´í¬ë¦¼ 2ì¢…|positive	1	6	0	0	0	0		ìžì™¸ì„ ê³¼ í­ì—¼, ë•€ìœ¼ë¡œ ìžê·¹ë°›ì€ ë‚´ í”¼ë¶€ë¥¼ ìœ„í•´ ì—¬ë¦„ì— ì‚¬ìš©í•˜ê¸° ë”± ì¢‹ì€ #ë‹´í¬ë¦¼ 2ì¢… ì¤€ë¹„í–ˆì–´ìš”		paper_main	stage1_tuples	5	#ë‹´í¬ë¦¼ 2ì¢…|neutral;ë‚´ í”¼ë¶€|neutral;ë•€|neutral;ìžì™¸ì„ |neutral;í­ì—¼|neutral	final_tuples	#ë‹´í¬ë¦¼ 2ì¢…|neutral;ë‚´ í”¼ë¶€|neutral;ë•€|neutral;ìžì™¸ì„ |neutral;ìžì™¸ì„ |positive;í­ì—¼|neutral	inputs.gold_tuples	1	1	0	0	1	0	0	6	1	1	0	1	1	1	0	1	1	4			stage2	RuleB	0	0	0	0	
nikluge-sa-2022-train-00016	implicit	not evaluated for explicit F1	|negative	1	2	0	1	0	0	empty	ì–´ì œ ìƒ€ëŠ”ë° ì˜¤ëŠ˜ ì•ˆ ë˜ë”êµ°.		paper_main	stage1_tuples	1	ì˜¤ëŠ˜|neutral	final_tuples	ì˜¤ëŠ˜|negative;ì˜¤ëŠ˜|neutral	inputs.gold_tuples	1	1	0	0	1	0	0	2	1	1	0	1	1	1	0	0	0	0			stage2	RuleB	0	0	0	0	
nikluge-sa-2022-train-00037	explicit		ë°°ìƒ‰|positive	1	4	0	0	0	0		ë°°ìƒ‰ë„ í•‘í¬ëž‘ ê·¸ë ˆì´ë¼ ë¬´ë‚œí•˜ë©´ì„œë„ ì¹™ì¹™í•˜ì§€ ì•Šë‹¤.		paper_main	stage1_tuples	3	ê·¸ë ˆì´|neutral;ë°°ìƒ‰ë„|neutral;í•‘í¬|neutral	final_tuples	ê·¸ë ˆì´|neutral;ë°°ìƒ‰ë„|neutral;ë°°ìƒ‰ë„|positive;í•‘í¬|neutral	inputs.gold_tuples	1	1	0	0	1	0	0	4	1	1	0	1	1	1	0	1	1	2			stage2	RuleB	0	0	0	0	
nikluge-sa-2022-train-01941	explicit		í¬ë¦¼|positive	1	2	0	0	0	0		ë¬´ê²ì§€ì•Šê³  ì‚°ëœ»í•˜ê²Œ ì´‰ì´‰í•˜ê²Œ ë°”ë¥¼ìˆ˜ ìžˆëŠ” #í¬ë¦¼		paper_main	stage1_tuples	1	#í¬ë¦¼|neutral	final_tuples	#í¬ë¦¼|neutral;#í¬ë¦¼|positive	inputs.gold_tuples	1	1	0	0	1	0	0	2	1	1	0	1	1	1	0	1	1	1			stage2	RuleB	0	0	0	0	
nikluge-sa-2022-train-02228	implicit	not evaluated for explicit F1	|positive	1	3	0	1	0	0	empty	ì„¸ì •ë ¥ë„ ìš°ìˆ˜í•˜ê³  ì„¸ì•ˆ í›„ ì´‰ì´‰í•´ìš”â™¥ï¸		paper_main	stage1_tuples	2	ì„¸ì•ˆ í›„|neutral;ì„¸ì •ë ¥|neutral	final_tuples	ì„¸ì•ˆ í›„|neutral;ì„¸ì•ˆ í›„|positive;ì„¸ì •ë ¥|neutral	inputs.gold_tuples	1	1	0	0	1	0	0	3	1	1	0	1	1	1	0	1	1	1			stage2	RuleB	0	0	0	0	
nikluge-sa-2022-train-01546	implicit	not evaluated for explicit F1	|positive	1	3	0	1	0	0	empty	ìžê³ ë‚˜ë©´ ì–´ê¹¨ì™€ ëª©ì´ í’€ë¦° ëŠë‚Œì´ê³ .. ì‹œì›í•˜ë‹¬ê¹Œ..ê°œìš´í•´ìš”^^		paper_main	stage1_tuples	2	ëª©|neutral;ì–´ê¹¨|neutral	final_tuples	ëª©|neutral;ì–´ê¹¨|neutral;ì–´ê¹¨|positive	inputs.gold_tuples	1	1	0	0	1	0	0	3	1	1	0	1	1	1	0	1	1	1			stage2	RuleB	0	0	0	0	
nikluge-sa-2022-train-02325	explicit		ìˆ˜ë¶„ì—ì„¼ìŠ¤ê²”íƒ€ìž…|positive	1	3	0	0	0	0		ìˆ˜ë¶„ì—ì„¼ìŠ¤ê²”íƒ€ìž…ì´ë¼ ëˆì ìž„ë„ ì—†ìŒâ˜ï¸		paper_main	stage1_tuples	2	ëˆì ìž„|neutral;ìˆ˜ë¶„ì—ì„¼ìŠ¤ê²”íƒ€ìž…|neutral	final_tuples	ëˆì ìž„|neutral;ëˆì ìž„|positive;ìˆ˜ë¶„ì—ì„¼ìŠ¤ê²”íƒ€ìž…|neutral	inputs.gold_tuples	1	1	0	0	1	0	0	3	1	1	0	1	1	1	0	1	1	2			stage2	RuleB	0	0	0	0	
nikluge-sa-2022-train-01649	implicit	not evaluated for explicit F1	|positive	1	4	0	1	0	0	empty	ë¦¬ë¬´ë²„ ì—†ì´ ë¬¼ë¡œë„ ì§€ìš¸ ìˆ˜ ìžˆì–´ ì†í†± ì†ìƒì´ ì—†ì–´ìš”~		paper_main	stage1_tuples	3	ë¦¬ë¬´ë²„|neutral;ë¬¼|neutral;ì†í†± ì†ìƒ|neutral	final_tuples	ë¦¬ë¬´ë²„|neutral;ë¬¼|neutral;ë¬¼|positive;ì†í†± ì†ìƒ|neutral	inputs.gold_tuples	1	1	0	0	1	0	0	4	1	1	0	1	1	1	0	1	1	2			stage2	RuleB	0	0	0	0	
nikluge-sa-2022-train-02909	implicit	not evaluated for explicit F1	|positive	1	4	0	1	0	0	empty	ê¹Œë¬´ìž¡ìž¡í•œ ë¶€ìœ„ì— ê¾¸ì¤€ížˆ ì‚¬ìš©í•˜ë‹ˆ ì ì  í•˜ì–˜ì§€ê¸°ë„ í•˜ê³  í‰ì†Œ ê³ ë¯¼ì´ë˜ ë“±ë“œë¦„ë„ ì‚¬ë¼ì§€ê²Œ í•´ì¤˜ì„œ ë„˜ë‚˜ ì¢‹ì€ ã…Žã…Ž		paper_main	stage1_tuples	3	ê¹Œë¬´ìž¡ìž¡í•œ ë¶€ìœ„|neutral;ë“±ë“œë¦„|neutral;í•˜ì–˜ì§€ê¸°|neutral	final_tuples	ê¹Œë¬´ìž¡ìž¡í•œ ë¶€ìœ„|neutral;ë“±ë“œë¦„|neutral;ë“±ë“œë¦„|positive;í•˜ì–˜ì§€ê¸°|neutral	inputs.gold_tuples	1	1	0	0	1	0	0	4	1	1	0	1	1	1	0	1	1	2			stage2	RuleB	0	0	0	0	
nikluge-sa-2022-train-01743	implicit	not evaluated for explicit F1	|positive	1	4	0	1	0	0	empty	ìš”ì¦˜ ë‚˜ì˜ ê´€ì‹¬ì‚¬ëŠ” ë‚´í”¼ë¶€ë¥¼ ë” #ê¿€í”¼ë¶€ë¡œ ë§Œë“¤ì–´ì¤„ ì œí’ˆ ì‚¬ìš©í•˜ê¸°		paper_main	stage1_tuples	3	ê´€ì‹¬ì‚¬|neutral;ë‚´í”¼ë¶€|neutral;ì œí’ˆ|neutral	final_tuples	ê´€ì‹¬ì‚¬|positive;ë‚´í”¼ë¶€|neutral;ë‚´í”¼ë¶€|positive;ì œí’ˆ|neutral	inputs.gold_tuples	1	1	1	1	0	0	0	4	1	1	0	1	1	1	0	1	1	2			stage2	RuleB	1	0	0	0	
nikluge-sa-2022-train-00448	implicit	not evaluated for explicit F1	|positive	1	3	0	1	0	0	empty	ì•…ê±´ì„±ì¸ë°ë„ ì¶©ë¶„ížˆ ì´‰ì´‰í•˜êµ¬ìš” ã…Žã…Ž		paper_main	stage1_tuples	2	ì•…ê±´ì„±|neutral;ì´‰ì´‰|neutral	final_tuples	ì•…ê±´ì„±|neutral;ì•…ê±´ì„±|positive;ì´‰ì´‰|neutral	inputs.gold_tuples	1	1	0	0	1	0	0	3	1	1	0	1	1	1	0	1	1	2	CONTRAST_SCOPE		stage2	RuleB	0	0	0	0	
nikluge-sa-2022-train-01811	implicit	not evaluated for explicit F1	|positive	1	2	0	1	0	0	empty	ìš”ë²ˆ #ì—¬í–‰ ê°”ì„ë•Œ ì›í”¼ìŠ¤ì— ìž…ì—ˆëŠ”ë° ì˜ˆë»~		paper_main	stage1_tuples	1	ì›í”¼ìŠ¤|neutral	final_tuples	ì›í”¼ìŠ¤|neutral;ì›í”¼ìŠ¤|positive	inputs.gold_tuples	1	1	0	0	1	0	0	2	1	1	0	1	1	1	0	0	0	0			stage2	RuleB	0	0	0	0	
nikluge-sa-2022-train-02973	implicit	not evaluated for explicit F1	|positive	1	2	0	1	0	0	empty	ì´ë ‡ê²Œ ê°„íŽ¸í• ìˆ˜ê°€ ì‹ ì„¸ê³„ìž„		paper_main	stage1_tuples	1	ì‹ ì„¸ê³„|neutral	final_tuples	ì‹ ì„¸ê³„|neutral;ì‹ ì„¸ê³„|positive	inputs.gold_tuples	1	1	0	0	1	0	0	2	1	1	0	1	1	1	0	1	1	1			stage2	RuleB	0	0	0	0	
nikluge-sa-2022-train-00969	explicit		í”„ë¦´ìž¥ì‹|positive	1	3	0	0	0	0		ì•„ë‹´í•œì‚¬ì´ì¦ˆ ê·¸ë¦¬ê³  #í”„ë¦´ìž¥ì‹ ê¹Œì§€ ë„˜ ì‚¬ëž‘ìŠ¤ëŸ° #í† ë¼ì¸í˜•		paper_main	stage1_tuples	3	ì•„ë‹´í•œì‚¬ì´ì¦ˆ|neutral;í† ë¼ì¸í˜•|neutral;í”„ë¦´ìž¥ì‹|neutral	final_tuples	ì•„ë‹´í•œì‚¬ì´ì¦ˆ|positive;í† ë¼ì¸í˜•|neutral;í”„ë¦´ìž¥ì‹|neutral	inputs.gold_tuples	0	1	1	1	0	0	0	3	1	1	0	1	0	0	0	1	1	2			stage2	RuleB	1	0	0	0	
nikluge-sa-2022-train-02944	implicit	not evaluated for explicit F1	|positive	1	4	0	1	0	0	empty	ì—­ì‹œ ë°”ë¥´ê³  ë‚œ ì§í›„ì—ëŠ” ì´ë ‡ê²Œ ë§¨ë“¤ê±°ë¦¬ì§€ë§Œ ê¸ˆë°© ë°”ë¡œ í¡ìˆ˜ë˜ì–´ ë²„ë¦°ë‹µë‹ˆë‹¤.		paper_main	stage1_tuples	2	ë°”ë¥´ê³  ë‚œ ì§í›„|neutral;í¡ìˆ˜|neutral	final_tuples	ë°”ë¥´ê³  ë‚œ ì§í›„|positive;í¡ìˆ˜|negative;í¡ìˆ˜|neutral;í¡ìˆ˜|positive	inputs.gold_tuples	2	1	1	1	0	0	0	4	1	1	0	1	1	1	0	1	1	2	CONTRAST_SCOPE		stage2	RuleB	1	0	0	0	
nikluge-sa-2022-train-02208	implicit	not evaluated for explicit F1	|positive	1	3	0	1	0	0	empty	ëª¨ê³µ, ê°ì§ˆ ë¶€ê°ì´ ë˜ì§€ ì•Šë„¤ìš”		paper_main	stage1_tuples	2	ê°ì§ˆ ë¶€ê°|neutral;ëª¨ê³µ|neutral	final_tuples	ê°ì§ˆ ë¶€ê°|neutral;ê°ì§ˆ ë¶€ê°|positive;ëª¨ê³µ|neutral	inputs.gold_tuples	1	1	0	0	1	0	0	3	1	1	0	1	1	1	0	1	1	1			stage2	RuleB	0	0	0	0	
nikluge-sa-2022-train-00643	implicit	not evaluated for explicit F1	|positive	1	3	0	1	0	0	empty	99.9% ìžì—°ìœ ëž˜ì˜ ì°©í•œ ì„±ë¶„ë“¤ì´ë¼ì„œ ì•ˆì‹¬í•˜ê³  ì‚¬ìš©í•  ìˆ˜ ìžˆëŠ” ì—¬ì„±ì„ ìœ„í•œ ì œí’ˆì´ëžë‹ˆë‹¹		paper_main	stage1_tuples	2	99.9% ìžì—°ìœ ëž˜ì˜ ì°©í•œ ì„±ë¶„ë“¤|neutral;ì—¬ì„±ì„ ìœ„í•œ ì œí’ˆ|neutral	final_tuples	99.9% ìžì—°ìœ ëž˜ì˜ ì°©í•œ ì„±ë¶„ë“¤|positive;ì—¬ì„±ì„ ìœ„í•œ ì œí’ˆ|negative;ì—¬ì„±ì„ ìœ„í•œ ì œí’ˆ|positive	inputs.gold_tuples	1	1	1	1	0	0	0	3	1	1	0	1	1	1	0	1	1	2			stage2	RuleB	1	0	0	0	
nikluge-sa-2022-train-00617	explicit		ë”ë¸”ìœ ë“œë ˆìŠ¤ë£¸]ë“œë ˆìŠ¤í¼í“¸ ì–‘ì–‘ì„œí•‘í–¥|positive	1	3	0	0	1	0	long	ìž ìž˜ ë•Œ ì¢‹ì€ í–¥ ë§¡ìœ¼ë©´ ë” ìž ì´ ìž˜ì™€ì„œ ë² ê°œì— ë¿Œë ¤ì£¼ë©´ì„œ ë§¤ì¼ ì‚¬ìš©í•˜ëŠ” [ë”ë¸”ìœ ë“œë ˆìŠ¤ë£¸]ë“œë ˆìŠ¤í¼í“¸ ì–‘ì–‘ì„œí•‘í–¥		paper_main	stage1_tuples	3	ë“œë ˆìŠ¤í¼í“¸ ì–‘ì–‘ì„œí•‘í–¥|neutral;ë² ê°œ|neutral;í–¥|neutral	final_tuples	ë“œë ˆìŠ¤í¼í“¸ ì–‘ì–‘ì„œí•‘í–¥|neutral;ë“œë ˆìŠ¤í¼í“¸ ì–‘ì–‘ì„œí•‘í–¥|positive;ë² ê°œ|neutral	inputs.gold_tuples	0	1	0	0	1	0	0	3	1	1	0	1	1	1	0	1	1	3			stage2	RuleB	0	0	0	0	
nikluge-sa-2022-train-01914	implicit	not evaluated for explicit F1	|positive	1	7	0	1	0	0	empty	ì„¸ëŸ¼,ì˜¤ì¼,ë¯¸ìŠ¤íŠ¸,í† ë„ˆ,ì•°í”Œì„ í•œë³‘ì— ì˜ì˜¥~ ë‹´ì•„ #ìŠ¹ë¬´ì›ì„¸ëŸ¼ ì´ë¼ê³  ë¶€ë¥´ì§€ìš”~		paper_main	stage1_tuples	7	#ìŠ¹ë¬´ì›ì„¸ëŸ¼|neutral;ë¯¸ìŠ¤íŠ¸|neutral;ì„¸ëŸ¼|neutral;ì•°í”Œ|neutral;ì˜¤ì¼|neutral;í† ë„ˆ|neutral;í•œë³‘|neutral	final_tuples	ë¯¸ìŠ¤íŠ¸|neutral;ì„¸ëŸ¼|neutral;ì•°í”Œ|neutral;ì˜¤ì¼|neutral;ì˜¤ì¼|positive;í† ë„ˆ|neutral;í•œë³‘|neutral	inputs.gold_tuples	0	1	0	0	1	0	0	7	1	1	0	1	1	1	0	1	1	4			stage2	RuleB	0	0	0	0	
nikluge-sa-2022-train-01320	explicit		ì—¬ì„±ì²­ê²°ì œ|positive	1	5	0	0	0	0		ê·¸ë¦¬ê³  pH ë°¸ëŸ°ìŠ¤ë¥¼ ì•½ì‚°ì„±ìœ¼ë¡œ ìœ ì§€ì‹œì¼œì£¼ëŠ” #ìˆœí•œì—¬ì„±ì²­ê²°ì œë¼ ë¯¼ê°í•œ ë¶€ìœ„ë„ ì•ˆì‹¬í•˜ê³  ì¼€ì–´í•  ìˆ˜ ìžˆì„ ê²ƒ ê°™ë”ë¼ê³ ìš”~ðŸ‘		paper_main	stage1_tuples	4	ph ë°¸ëŸ°ìŠ¤|neutral;ë¯¼ê°í•œ ë¶€ìœ„|neutral;ìˆœí•œì—¬ì„±ì²­ê²°ì œ|neutral;ì•½ì‚°ì„±|neutral	final_tuples	ph ë°¸ëŸ°ìŠ¤|neutral;ë¯¼ê°í•œ ë¶€ìœ„|neutral;ìˆœí•œì—¬ì„±ì²­ê²°ì œ|neutral;ì•½ì‚°ì„±|neutral;ì•½ì‚°ì„±|positive	inputs.gold_tuples	1	1	0	0	1	0	0	5	1	1	0	1	1	1	0	1	1	3			stage2	RuleB	0	0	0	0	
nikluge-sa-2022-train-01495	explicit		ë³´ìŠµí¼í´ë Œì €|positive	1	5	0	0	0	0		ì«€ì«€í•œ ë¯¸ì„¸ë²„ë¸”ì´ ë©”ì´í¬ì—…ì„ íš¨ê³¼ì ìœ¼ë¡œ ì œê±°í•´ì£¼ê³  í”¼ë¶€ëŠ” ì´‰ì´‰í•˜ê²Œ ê°€ê¿”ì£¼ëŠ” #ë³´ìŠµí¼í´ë Œì €		paper_main	stage1_tuples	4	ë©”ì´í¬ì—…|neutral;ë³´ìŠµí¼í´ë Œì €|neutral;ì«€ì«€í•œ ë¯¸ì„¸ë²„ë¸”|neutral;í”¼ë¶€|neutral	final_tuples	ë©”ì´í¬ì—…|neutral;ë³´ìŠµí¼í´ë Œì €|neutral;ì«€ì«€í•œ ë¯¸ì„¸ë²„ë¸”|neutral;í”¼ë¶€|neutral;í”¼ë¶€|positive	inputs.gold_tuples	1	1	0	0	1	0	0	5	1	1	0	1	1	1	0	1	1	3			stage2	RuleB	0	0	0	0	
nikluge-sa-2022-train-01919	explicit		ë§ˆìŠ¤í¬íŒ©|positive	1	3	0	0	0	0		í”¼ë¶€ì—ë”°ë¼ ê³¨ë¼ì“°ê¸° ì¢‹ì€ #ë§ˆìŠ¤í¬íŒ©		paper_main	stage1_tuples	2	ë§ˆìŠ¤í¬íŒ©|neutral;í”¼ë¶€|neutral	final_tuples	ë§ˆìŠ¤í¬íŒ©|neutral;í”¼ë¶€|neutral;í”¼ë¶€|positive	inputs.gold_tuples	1	1	0	0	1	0	0	3	1	1	0	1	1	1	0	1	1	1			stage2	RuleB	0	0	0	0	
nikluge-sa-2022-train-00578	explicit		758ë ˆë“œ ì»¬ëŸ¬|positive	1	3	0	0	0	0		#ë””ì˜¬ì„ ë¯¸ë ˆë“œ ë¼ëŠ” ì• ì¹­ì´ ë²Œì¨ ë¶™ì—ˆì„ë§Œí¼ í•«í•œ #758ë ˆë“œ ì»¬ëŸ¬ëŠ” &name&ì”¨ë„ ì‚¬ìš©í–ˆë„¤ìš¤!ðŸ’„		paper_main	stage1_tuples	2	#758ë ˆë“œ ì»¬ëŸ¬|neutral;#ë””ì˜¬ì„ ë¯¸ë ˆë“œ|neutral	final_tuples	#758ë ˆë“œ ì»¬ëŸ¬|positive;#ë””ì˜¬ì„ ë¯¸ë ˆë“œ|neutral;#ë””ì˜¬ì„ ë¯¸ë ˆë“œ|positive	inputs.gold_tuples	1	1	1	1	0	0	0	3	1	1	0	1	1	1	0	1	1	2			stage2	RuleB	1	0	0	0	
nikluge-sa-2022-train-00829	implicit	not evaluated for explicit F1	|positive	1	2	0	1	0	0	empty	ì–´ë¨¸ ë„ˆë¬´ ì˜ˆë» >_<..		paper_main	stage1_tuples	1	ì˜ˆë»|neutral	final_tuples	ì˜ˆë»|neutral;ì˜ˆë»|positive	inputs.gold_tuples	1	1	0	0	1	0	0	2	1	1	0	1	1	1	0	1	1	1			stage2	RuleB	0	0	0	0	
nikluge-sa-2022-train-00591	implicit	not evaluated for explicit F1	|positive	1	5	0	1	0	0	empty	ìš”ì¦˜ ì»¨ë””ì…˜ë„ ì•ˆ ì¢‹ê³  ê±´ì¡°í•´ì„œ ê·¸ëŸ°ì§€ ë¶€ì© ì¹™ì¹™í•˜ê³  í‘¸ì„í•œ í”¼ë¶€ ë•Œë¬¸ì— ê³ ë¯¼ì´ì—ˆëŠ”ë° ì†Œë¬¸ë‚œ ì œí’ˆ ì¨ë³´ê¸° ì „ì— ë‘‘í”ë‘‘í”~ã…Žã…Ž		paper_main	stage1_tuples	5	ê±´ì¡°|neutral;ì œí’ˆ|neutral;ì¹™ì¹™í•˜ê³  í‘¸ì„í•œ í”¼ë¶€|neutral;ì»¨ë””ì…˜|neutral;í”¼ë¶€|neutral	final_tuples	ê±´ì¡°|neutral;ì œí’ˆ|negative;ì œí’ˆ|neutral;ì¹™ì¹™í•˜ê³  í‘¸ì„í•œ í”¼ë¶€|neutral;ì»¨ë””ì…˜|neutral	inputs.gold_tuples	0	1	0	0	1	0	0	5	1	1	0	1	1	1	0	1	1	4	CONTRAST_SCOPE		stage2	RuleB	0	0	0	0	
nikluge-sa-2022-train-00968	explicit		í–¥|positive	1	1	0	0	0	0		ë‚¨ë…€ëª¨ë‘ì‚¬ìš©í•  ìˆ˜ ìžˆëŠ” í–¥		paper_main	stage1_tuples	1	ë‚¨ë…€ëª¨ë‘ì‚¬ìš©í•  ìˆ˜ ìžˆëŠ” í–¥|neutral	final_tuples	ë‚¨ë…€ëª¨ë‘ì‚¬ìš©í•  ìˆ˜ ìžˆëŠ” í–¥|neutral	inputs.gold_tuples	0	0	0	0	0	0	0	1	0	0	0	0	0	0	0	1	1	1			stage2	RuleB	0	0	0	0	
nikluge-sa-2022-train-00672	explicit		ì•°í”Œ|positive	1	7	0	0	0	0		5. ì—ìŠ¤í…Œí‹±, í”¼ë¶€ê³¼ ê°€ì§€ ì•Šì•„ë„ ì§‘ì—ì„œ íŽ¸í•˜ê²Œ í”¼ë¶€ ê´€ë¦¬ ê°€ëŠ¥í•œ ì•°í”Œ ì¨ë³´ê³ ë‚˜ë‹ˆ ë‹¤ ê³µê°ê°€ëŠ” ìž¥ì ë“¤ì´ì—ìš”		paper_main	stage1_tuples	6	ì•°í”Œ|neutral;ì—ìŠ¤í…Œí‹±|neutral;ìž¥ì ë“¤|neutral;ì§‘|neutral;í”¼ë¶€ ê´€ë¦¬|neutral;í”¼ë¶€ê³¼|neutral	final_tuples	ì•°í”Œ|neutral;ì—ìŠ¤í…Œí‹±|neutral;ìž¥ì ë“¤|neutral;ì§‘|neutral;í”¼ë¶€ ê´€ë¦¬|neutral;í”¼ë¶€ê³¼|neutral;í”¼ë¶€ê³¼|positive	inputs.gold_tuples	1	1	0	0	1	0	0	7	1	1	0	1	1	1	0	1	1	5			stage2	RuleB	0	0	0	0	
nikluge-sa-2022-train-00772	implicit	not evaluated for explicit F1	|positive	1	3	0	1	0	0	empty	#ëª…í’ˆì¹«ì†” ë‹¬ë¼ë„ ë‹¤ë¥¸ê²Œ ì–‘ì¹˜í›„ ìž‡ëª¸ë„ ë§Žì´ ë¶“ê¸°ë„ í–ˆëŠ”ë° ë¶“ì§€ë„ ì•Šê³  ðŸ‘		paper_main	stage1_tuples	2	ëª…í’ˆì¹«ì†”|neutral;ìž‡ëª¸|neutral	final_tuples	ëª…í’ˆì¹«ì†”|neutral;ëª…í’ˆì¹«ì†”|positive;ìž‡ëª¸|neutral	inputs.gold_tuples	1	1	0	0	1	0	0	3	1	1	0	1	1	1	0	1	1	2	CONTRAST_SCOPE		stage2	RuleB	0	0	0	0	
nikluge-sa-2022-train-00030	implicit	not evaluated for explicit F1	|negative	1	2	0	1	0	0	empty	ã…œ ã…œ í…Œì´í¬í°ì²˜ëŸ¼ ë§Œë“¤ì–´ì£¼ë˜ê°€ ë©‹ì„ ë‚´ë ¤ë©´ ì•„í¬..		paper_main	stage1_tuples	1	í…Œì´í¬í°|neutral	final_tuples	í…Œì´í¬í°|negative;í…Œì´í¬í°|neutral	inputs.gold_tuples	1	1	0	0	1	0	0	2	1	1	0	1	1	1	0	0	0	0			stage2	RuleB	0	0	0	0	
nikluge-sa-2022-train-00474	implicit	not evaluated for explicit F1	|positive	1	2	0	1	0	0	empty	ì¸ì •		paper_main	stage1_tuples	1	ì¸ì •|neutral	final_tuples	ì¸ì •|neutral;ì¸ì •|positive	inputs.gold_tuples	1	1	0	0	1	0	0	2	1	1	0	1	1	1	0	0	0	0			stage2	RuleB	0	0	0	0	
nikluge-sa-2022-train-00805	implicit	not evaluated for explicit F1	|positive	1	3	0	1	0	0	empty	ë¯¼ë‚¯ì—ë„ ì¢‹ì€ ì¼ëª… #ìŒ©ì–¼í¬ë¦¼		paper_main	stage1_tuples	2	#ìŒ©ì–¼í¬ë¦¼|neutral;ë¯¼ë‚¯|neutral	final_tuples	#ìŒ©ì–¼í¬ë¦¼|neutral;#ìŒ©ì–¼í¬ë¦¼|positive;ë¯¼ë‚¯|neutral	inputs.gold_tuples	1	1	0	0	1	0	0	3	1	1	0	1	1	1	0	0	0	0			stage2	RuleB	0	0	0	0	
nikluge-sa-2022-train-02745	implicit	not evaluated for explicit F1	|positive	1	6	0	1	0	0	empty	ì˜ˆì „ì—ëŠ” ë¹—ì§ˆ1ë„ ì•ˆë˜ê³  ëª¨ë°œì´ ë¶€ìŠ¤ìŠ¤í•˜ê³  ê±´ì¡°í•œê²Œ ì •ë§ í•œìˆ¨ë°–ì— ì•ˆë‚˜ì™”ëŠ”ë° í•œë‹¬ë‘ë‹¬ ì‚¬ìš©í•˜ê³  ë‚˜ë‹ˆ í™•ì‹¤ížˆ ìœ¤ê¸°ìžˆê³  ì¢‹ì•„ì¡Œë„¤ìš”âœ¨		paper_main	stage1_tuples	5	ê±´ì¡°í•œê²Œ|neutral;ëª¨ë°œ|neutral;ë¶€ìŠ¤ìŠ¤|neutral;ë¹—ì§ˆ1|neutral;ìœ¤ê¸°|neutral	final_tuples	ëª¨ë°œ|negative;ëª¨ë°œ|neutral;ëª¨ë°œ|positive;ë¶€ìŠ¤ìŠ¤|positive;ë¹—ì§ˆ1|neutral;ìœ¤ê¸°|positive	inputs.gold_tuples	1	1	1	1	0	0	0	6	1	1	0	1	1	1	0	1	1	4	CONTRAST_SCOPE		stage2	RuleB	1	0	0	0	
nikluge-sa-2022-train-01160	implicit	not evaluated for explicit F1	|positive	1	2	0	1	0	0	empty	ìš”ê±° ì•„ì£¼ íš¨ê³¼ ì¢‹ë„¤ìš”ðŸ‘		paper_main	stage1_tuples	1	íš¨ê³¼|neutral	final_tuples	íš¨ê³¼|neutral;íš¨ê³¼|positive	inputs.gold_tuples	1	1	0	0	1	0	0	2	1	1	0	1	1	1	0	1	1	1			stage2	RuleB	0	0	0	0	
nikluge-sa-2022-train-01814	implicit	not evaluated for explicit F1	|positive	1	3	0	1	0	0	empty	ë¯¸ë°±ì£¼ë¦„ê°œì„ ì— ìžì™¸ì„ ì°¨ë‹¨ê¹Œì§€ í•˜ë‚˜ë§Œ ë°œë¼ë„ ok!		paper_main	stage1_tuples	2	ë¯¸ë°±ì£¼ë¦„ê°œì„ |neutral;ìžì™¸ì„ ì°¨ë‹¨|neutral	final_tuples	ë¯¸ë°±ì£¼ë¦„ê°œì„ |neutral;ìžì™¸ì„ ì°¨ë‹¨|neutral;ìžì™¸ì„ ì°¨ë‹¨|positive	inputs.gold_tuples	1	1	0	0	1	0	0	3	1	1	0	1	1	1	0	1	1	1			stage2	RuleB	0	0	0	0	
nikluge-sa-2022-train-00186	implicit	not evaluated for explicit F1	|positive	1	3	0	1	0	0	empty	ì •ë§ ìš”ì¦˜ ì—†ì–´ì„œëŠ” ì•ˆë  ë‚´ í™”ìž¥ëŒ€ì˜ í•„ìˆ˜í…œë“¤!		paper_main	stage1_tuples	2	ë‚´ í™”ìž¥ëŒ€|neutral;í•„ìˆ˜í…œë“¤|neutral	final_tuples	ë‚´ í™”ìž¥ëŒ€|neutral;ë‚´ í™”ìž¥ëŒ€|positive;í•„ìˆ˜í…œë“¤|neutral	inputs.gold_tuples	1	1	0	0	1	0	0	3	1	1	0	1	1	1	0	1	1	2			stage2	RuleB	0	0	0	0	
nikluge-sa-2022-train-01105	explicit		ë°ì½”ë·° ëª¨ê¸°ìž¥|positive	1	6	0	0	0	0		ëª¨ê¸°ë‚˜ ë²Œë ˆì— ì•ŒëŸ¬ì§€ë°˜ì‘ì´ ì‹¬í•˜ê²Œ ì˜¬ë¼ì˜¤ëŠ” ì•„ê¸°í”¼ë¶€ì¸ì§€ë¼ ì´ì   ë°ì½”ë·° ëª¨ê¸°ìž¥ìœ¼ë¡œ ìžëŠ”ë‚´ë‚´ ì§€ì¼œì£¼ê³  ìžˆë„¤ìš”ðŸ˜Š		paper_main	stage1_tuples	5	ë°ì½”ë·° ëª¨ê¸°ìž¥|neutral;ëª¨ê¸°|neutral;ë²Œë ˆ|neutral;ì•„ê¸°í”¼ë¶€|neutral;ì•ŒëŸ¬ì§€ë°˜ì‘|neutral	final_tuples	ëª¨ê¸°|neutral;ë²Œë ˆ|neutral;ì•„ê¸°í”¼ë¶€|neutral;ì•ŒëŸ¬ì§€ë°˜ì‘|negative;ì•ŒëŸ¬ì§€ë°˜ì‘|neutral;ì•ŒëŸ¬ì§€ë°˜ì‘|positive	inputs.gold_tuples	1	1	0	0	1	0	0	6	1	1	0	1	1	1	0	1	1	4			stage2	RuleB	0	0	0	0	
nikluge-sa-2022-train-02457	implicit	not evaluated for explicit F1	|positive	1	1	0	1	0	0	empty	ë‹¤ë¥¸í™‹ìˆ˜ë„ ìŸì—¬ì•¼ê²Œëœ¸!!!!		paper_main	trace_atsa	1	|neutral	inputs.aspect_sentiments	|neutral	inputs.gold_tuples	0	0	0	0	0	0	0	1	0	0	0	0	0	0	0	0	0	0			stage1	RuleB	0	0	0	0	
nikluge-sa-2022-train-01013	implicit	not evaluated for explicit F1	|negative	1	4	0	1	0	0	empty	í•„ë¦½ìŠ¤ê°™ì€ ìœ ëª… ë¸Œëžœë“œëŠ” ì•„ë‹ˆì§€ë§Œ ì´ìŠˆê°€ ëœ ì „ìžíŒŒí…ŒìŠ¤íŠ¸ë„ í†µê³¼í–ˆë‹¤ë„¤ìš”.		paper_main	stage1_tuples	3	ìœ ëª… ë¸Œëžœë“œ|neutral;ì „ìžíŒŒí…ŒìŠ¤íŠ¸|neutral;í•„ë¦½ìŠ¤|neutral	final_tuples	ìœ ëª… ë¸Œëžœë“œ|negative;ì „ìžíŒŒí…ŒìŠ¤íŠ¸|neutral;í•„ë¦½ìŠ¤|neutral;í•„ë¦½ìŠ¤|positive	inputs.gold_tuples	1	1	1	1	0	0	0	4	1	1	0	1	1	1	0	1	1	2	CONTRAST_SCOPE		stage2	RuleB	1	0	0	0	
nikluge-sa-2022-train-00145	implicit	not evaluated for explicit F1	|positive	1	3	0	1	0	0	empty	ì‹¤í—˜ì„ í•´ì„œ ë´ë„ ì•„ì£¼ .. í¡ìˆ˜ë„ ìž˜ ë˜ê³  ë½€ì†¡í•´ ..		paper_main	stage1_tuples	2	ë½€ì†¡|neutral;í¡ìˆ˜|neutral	final_tuples	ë½€ì†¡|neutral;í¡ìˆ˜|neutral;í¡ìˆ˜|positive	inputs.gold_tuples	1	1	0	0	1	0	0	3	1	1	0	1	1	1	0	1	1	2			stage2	RuleB	0	0	0	0	
nikluge-sa-2022-train-01797	implicit	not evaluated for explicit F1	|positive	1	2	0	1	0	0	empty	ë„ˆë¬´ ì¢‹ì•„ ì§€ì¸ë“¤ì—ê²Œë„ ì¶”ì²œí•´ ì¤¬ì—ˆëŠ”ë° ì •ë§ ê¸°ëŒ€ë˜ë„¤ìš”^^		paper_main	stage1_tuples	1	ì§€ì¸ë“¤|neutral	final_tuples	ì§€ì¸ë“¤|neutral;ì§€ì¸ë“¤|positive	inputs.gold_tuples	1	1	0	0	1	0	0	2	1	1	0	1	1	1	0	0	0	0			stage2	RuleB	0	0	0	0	
nikluge-sa-2022-train-02575	explicit		ìˆ˜ë¶„ê°|positive;ì œí˜•|positive	2	3	0	0	0	0		ì«€ì«€í•œ ì œí˜•ì´ ê°€ë³ê³  ìˆ˜ë¶„ê° ê°€ë“í•˜ê²Œ ë°œë¦¬ëŠ”ê²Œ ìš”ì¦˜ ì‚¬ìš©í•˜ê¸° ë”± ì¢‹ì•„!		paper_main	stage1_tuples	2	ìˆ˜ë¶„ê°|neutral;ì«€ì«€í•œ ì œí˜•|neutral	final_tuples	ìˆ˜ë¶„ê°|neutral;ì«€ì«€í•œ ì œí˜•|neutral;ì«€ì«€í•œ ì œí˜•|positive	inputs.gold_tuples	1	1	0	0	1	0	0	3	1	1	0	1	1	1	0	1	1	2			stage2	RuleB	0	0	0	0	
nikluge-sa-2022-train-02921	explicit		nars|positive	1	1	0	0	0	0		ë‚´ ì¸ìƒ ë¦½ìŠ¤í‹± NARS		paper_main	stage1_tuples	1	ë¦½ìŠ¤í‹±|neutral	final_tuples	ë¦½ìŠ¤í‹±|neutral	inputs.gold_tuples	0	0	0	0	0	0	0	1	0	0	0	0	0	0	0	1	1	1			stage2	RuleB	0	0	0	0	
nikluge-sa-2022-train-00746	explicit		ë¸”ë£¸ìƒ¤ì›Œê¸°|positive	1	5	0	0	0	0		ë‹¤ì„¯ì‹êµ¬ì— í•˜ë£¨ ì‚¬ìš©í•˜ëŠ” ìƒ¤ì›Œë§Œí•´ë„ ë¬¼ ì‚¬ìš©ëŸ‰.. ì •ë§ ë§Œë§Œì¹˜ ì•Šì€ë° #ìˆ˜ì••ìƒìŠ¹ #ë¸”ë£¸ìƒ¤ì›Œê¸° ë•ë¶„ì— ë¬¼ì ˆì•½ë„ ë˜ê³  ìˆ˜ì••ë„ ì´ì „ë³´ë‹¤ 2~4ë°° ìƒìŠ¹:)		paper_main	stage1_tuples	3	ë¬¼ ì‚¬ìš©ëŸ‰|neutral;ë¬¼ì ˆì•½|neutral;ìˆ˜ì••|neutral	final_tuples	ë¬¼ ì‚¬ìš©ëŸ‰|neutral;ë¬¼ì ˆì•½|negative;ë¬¼ì ˆì•½|neutral;ë¬¼ì ˆì•½|positive;ìˆ˜ì••|neutral	inputs.gold_tuples	2	1	0	0	1	0	0	5	1	1	0	1	1	1	0	1	1	3			stage2	RuleB	0	0	0	0	
nikluge-sa-2022-train-01833	implicit	not evaluated for explicit F1	|positive	1	2	0	1	0	0	empty	ë³´ìŠµì„ ê½‰ê½‰ ì±„ì›Œì£¼ë„¤ìš”~		paper_main	stage1_tuples	1	ë³´ìŠµ|neutral	final_tuples	ë³´ìŠµ|neutral;ë³´ìŠµ|positive	inputs.gold_tuples	1	1	0	0	1	0	0	2	1	1	0	1	1	1	0	0	0	0			stage2	RuleB	0	0	0	0	
nikluge-sa-2022-train-00327	implicit	not evaluated for explicit F1	|positive	1	2	0	1	0	0	empty	ì˜ˆë¯¼í•œ í”¼ë¶€ì—ë„ ì¶”ì²œ!		paper_main	stage1_tuples	1	í”¼ë¶€|neutral	final_tuples	í”¼ë¶€|neutral;í”¼ë¶€|positive	inputs.gold_tuples	1	1	0	0	1	0	0	2	1	1	0	1	1	1	0	0	0	0			stage2	RuleB	0	0	0	0	
nikluge-sa-2022-train-02335	explicit		ë¡œì¦ˆì›Œí„°|positive	1	3	0	0	0	0		ìƒê¸° ìžˆëŠ” í”¼ë¶€ë¡œ ê°€ê¿”ì£¼ëŠ” ê±´ì¡°í• ë•Œ ì“°ë©´ ì¢‹ì€ #ë¡œì¦ˆì›Œí„° ðŸŒ¹		paper_main	stage1_tuples	2	ë¡œì¦ˆì›Œí„°|neutral;í”¼ë¶€|neutral	final_tuples	ë¡œì¦ˆì›Œí„°|neutral;í”¼ë¶€|neutral;í”¼ë¶€|positive	inputs.gold_tuples	1	1	0	0	1	0	0	3	1	1	0	1	1	1	0	1	1	2			stage2	RuleB	0	0	0	0	
nikluge-sa-2022-train-02747	implicit	not evaluated for explicit F1	|positive;í–¥ê¸°|positive	2	3	0	1	0	0	empty	ë¨¸ë¦¬ëì— í†¡í†¡ ë°œë¼ì¤¬ë”ë‹ˆ ë¶€ë“œëŸ½ê³  í–¥ê¸°ë„ ì¢‹ì•„ðŸ™†ðŸ»		paper_main	stage1_tuples	2	ë¨¸ë¦¬ë|neutral;ë¶€ë“œëŸ½ê³  í–¥ê¸°|neutral	final_tuples	ë¨¸ë¦¬ë|neutral;ë¨¸ë¦¬ë|positive;ë¶€ë“œëŸ½ê³  í–¥ê¸°|negative	inputs.gold_tuples	1	1	1	1	0	0	0	3	1	1	0	1	1	1	0	1	1	1			stage2	RuleB	1	0	0	0	
nikluge-sa-2022-train-01109	implicit	not evaluated for explicit F1	|positive	1	2	0	1	0	0	empty	ë¬´ëƒë¬´ëƒê¸°ìžë‹¨2ê¸° ë‘ë²ˆì§¸ ìƒí’ˆì´ ë„ì°©í–ˆëŠ”ë° ì™„ì „ ì´ì¨ë‹ˆë‹¤!		paper_main	stage1_tuples	1	ë¬´ëƒë¬´ëƒê¸°ìžë‹¨2ê¸° ë‘ë²ˆì§¸ ìƒí’ˆ|neutral	final_tuples	ë¬´ëƒë¬´ëƒê¸°ìžë‹¨2ê¸° ë‘ë²ˆì§¸ ìƒí’ˆ|neutral;ë¬´ëƒë¬´ëƒê¸°ìžë‹¨2ê¸° ë‘ë²ˆì§¸ ìƒí’ˆ|positive	inputs.gold_tuples	1	1	0	0	1	0	0	2	1	1	0	1	1	1	0	1	1	1			stage2	RuleB	0	0	0	0	
nikluge-sa-2022-train-00798	implicit	not evaluated for explicit F1	|positive	1	3	0	1	0	0	empty	ê°€ë³ê²Œ ìžì—°ìŠ¤ëŸ½ê²Œ ì‚¬ìš©í•´ìš”ðŸ’•		paper_main	stage1_tuples	2	ê°€ë³ê²Œ|neutral;ìžì—°ìŠ¤ëŸ½ê²Œ|neutral	final_tuples	ê°€ë³ê²Œ|neutral;ê°€ë³ê²Œ|positive;ìžì—°ìŠ¤ëŸ½ê²Œ|neutral	inputs.gold_tuples	1	1	0	0	1	0	0	3	1	1	0	1	1	1	0	0	0	0			stage2	RuleB	0	0	0	0	
nikluge-sa-2022-train-02829	implicit	not evaluated for explicit F1	|positive	1	2	0	1	0	0	empty	ê·¼ë° ë©°ì¹  ì¨ë³´ë‹ˆê¹Œ í”¼ë¶€í†¤ì´ ë§‘ì•„ì§€ëŠ” ëŠë‚Œì´ ìžˆìŒ		paper_main	stage1_tuples	1	í”¼ë¶€í†¤|neutral	final_tuples	í”¼ë¶€í†¤|neutral;í”¼ë¶€í†¤|positive	inputs.gold_tuples	1	1	0	0	1	0	0	2	1	1	0	1	1	1	0	0	0	0			stage2	RuleB	0	0	0	0	
nikluge-sa-2022-train-00258	explicit		ì¹˜ì•½|positive	1	2	0	0	0	0		ë””ìžì¸ì´ #ì˜ˆìœì¹˜ì•½ ì´ë¼ ì„ ë¬¼ë¡œë„ ì œê²©!!		paper_main	stage1_tuples	1	ë””ìžì¸|neutral	final_tuples	ë””ìžì¸|neutral;ë””ìžì¸|positive	inputs.gold_tuples	1	1	0	0	1	0	0	2	1	1	0	1	1	1	0	0	0	0			stage2	RuleB	0	0	0	0	
nikluge-sa-2022-train-01647	explicit		ë§ˆë”ìŠ¤í”½ ë„¤ì¼ì»¬ëŸ¬|positive	1	3	0	0	0	0		í•˜ì§€ë§Œ #ë§ˆë”ìŠ¤í”½ ë„¤ì¼ì»¬ëŸ¬ ë§Œë‚˜ê³ ëŠ” ê±±ì •ë!!		paper_main	stage1_tuples	2	#ë§ˆë”ìŠ¤í”½ ë„¤ì¼ì»¬ëŸ¬|neutral;ê±±ì •|neutral	final_tuples	#ë§ˆë”ìŠ¤í”½ ë„¤ì¼ì»¬ëŸ¬|neutral;#ë§ˆë”ìŠ¤í”½ ë„¤ì¼ì»¬ëŸ¬|positive;ê±±ì •|neutral	inputs.gold_tuples	1	1	0	0	1	0	0	3	1	1	0	1	1	1	0	1	1	2	CONTRAST_SCOPE		stage2	RuleB	0	0	0	0	
nikluge-sa-2022-train-00770	implicit	not evaluated for explicit F1	|positive	1	5	0	1	0	0	empty	íŠ¹ížˆ ìž„ì‹ í–ˆì„ë•Œ ë“¬ë¿ë“¬ë¿ ë°œë¼ê°€ë©° í”¼ë¶€ê´€ë¦¬ í•˜ë‹ˆ ê±´ì¡°í•˜ì§€ì•Šì•„ íŠ¼ì‚´ì™„í™”ì—ë„ êµ¿êµ¿êµ¿ðŸ‘		paper_main	stage1_tuples	3	ê±´ì¡°|neutral;íŠ¼ì‚´ì™„í™”|neutral;í”¼ë¶€ê´€ë¦¬|neutral	final_tuples	ê±´ì¡°|negative;ê±´ì¡°|neutral;ê±´ì¡°|positive;íŠ¼ì‚´ì™„í™”|neutral;í”¼ë¶€ê´€ë¦¬|neutral	inputs.gold_tuples	2	1	0	0	1	0	0	5	1	1	0	1	1	1	0	1	1	3			stage2	RuleB	0	0	0	0	
nikluge-sa-2022-train-01301	explicit		ëƒ‰ìž¥ê³ |positive	1	2	0	0	0	0		ëƒ‰ìž¥ê³ ë³´ë‹¤ ë” í•„ìš”í•œ #ëƒ‰ìž¥ê³  ë¼ëŠ”ê±¸ ì œëŒ€ë¡œ ì‹¤ê°í•  ìˆ˜ ìžˆì—ˆëŠ”ë°ìš”~		paper_main	stage1_tuples	2	#ëƒ‰ìž¥ê³ |neutral;ëƒ‰ìž¥ê³ |neutral	final_tuples	#ëƒ‰ìž¥ê³ |neutral;#ëƒ‰ìž¥ê³ |positive	inputs.gold_tuples	0	1	0	0	1	0	0	2	1	1	0	1	1	1	0	1	1	2			stage2	RuleB	0	0	0	0	
nikluge-sa-2022-train-01930	implicit	not evaluated for explicit F1	|positive	1	2	0	1	0	0	empty	ê¸°ë¶„ì¢‹ê²Œ ì„¸ì•ˆí•˜ê¸° ì™„ë£Œ~		paper_main	stage1_tuples	1	ì„¸ì•ˆ|neutral	final_tuples	ì„¸ì•ˆ|neutral;ì„¸ì•ˆ|positive	inputs.gold_tuples	1	1	0	0	1	0	0	2	1	1	0	1	1	1	0	0	0	0			stage2	RuleB	0	0	0	0	
nikluge-sa-2022-train-00735	explicit		ë§ˆë”ì¼€ì´ ë¬¼í‹°ìŠˆ|positive	1	6	0	0	0	0		#ë§ˆë”ì¼€ì´ ë¬¼í‹°ìŠˆëŠ” í•œìž¥ì”©ë§Œ ë½‘í˜€ ì„¸ê· ë…¸ì¶œì´ ë˜ì§€ì•Šì•„ ìœ„ìƒì ì¸ #ì•ˆì „í•œë¬¼í‹°ìŠˆ ë¼ì„œ.. ì¢‹ì€ê²ƒë§Œ ì£¼ê³ ì‹¶ì€ ì—„ë§ˆì˜ ë§ˆìŒìœ¼ë¡œ #ì•„ê¸°ë¬¼í‹°ìŠˆ ì„ íƒí•˜ê²Œ ë˜ë„¤ìš”:)		paper_main	stage1_tuples	5	ë§ˆë”ì¼€ì´ ë¬¼í‹°ìŠˆ|neutral;ì„¸ê· ë…¸ì¶œ|neutral;ì•„ê¸°ë¬¼í‹°ìŠˆ|neutral;ìœ„ìƒì ì¸|neutral;í•œìž¥ì”©|neutral	final_tuples	ë§ˆë”ì¼€ì´ ë¬¼í‹°ìŠˆ|neutral;ì„¸ê· ë…¸ì¶œ|neutral;ì•„ê¸°ë¬¼í‹°ìŠˆ|neutral;ì•„ê¸°ë¬¼í‹°ìŠˆ|positive;ìœ„ìƒì ì¸|neutral;í•œìž¥ì”©|neutral	inputs.gold_tuples	1	1	0	0	1	0	0	6	1	1	0	1	1	1	0	1	1	2			stage2	RuleB	0	0	0	0	
nikluge-sa-2022-train-02321	implicit	not evaluated for explicit F1	|positive	1	2	0	1	0	0	empty	ê·¸ ìœ ëª…í•˜ë‹¤ëŠ” ì•„ì´ë¡œì…˜ê³„ì˜ sk2		paper_main	stage1_tuples	1	ì•„ì´ë¡œì…˜ê³„|neutral	final_tuples	ì•„ì´ë¡œì…˜ê³„|neutral;ì•„ì´ë¡œì…˜ê³„|positive	inputs.gold_tuples	1	1	0	0	1	0	0	2	1	1	0	1	1	1	0	0	0	0			stage2	RuleB	0	0	0	0	
nikluge-sa-2022-train-01266	explicit		ìˆ˜ë°•í–¥|positive;ìˆ˜ë¶„|positive	2	6	0	0	0	0		ìˆ˜ë°•ì¶”ì¶œë¬¼ í•¨ìœ ë¡œ ì€ì€í•˜ê²Œ ë‚˜ëŠ” ìˆ˜ë°•í–¥ë„ ë„ˆë¬´ ì¢‹ê³ , ê±´ì¡°í•´ì§„ í”¼ë¶€ì— ìˆ˜ë¶„ì„ ë”í•´ì£¼ë©° ë§ˆì¼ë“œí•˜ê²Œ ë³´í˜¸í•´ì£¼ëŠ” ëŒ€ìš©ëŸ‰ ì„  ì¿ ì…˜ì´ì—ìš”.		paper_main	stage1_tuples	5	ê±´ì¡°í•´ì§„ í”¼ë¶€|neutral;ëŒ€ìš©ëŸ‰ ì„  ì¿ ì…˜|neutral;ìˆ˜ë°•ì¶”ì¶œë¬¼ í•¨ìœ |neutral;ìˆ˜ë°•í–¥|neutral;ìˆ˜ë¶„|neutral	final_tuples	ê±´ì¡°í•´ì§„ í”¼ë¶€|positive;ëŒ€ìš©ëŸ‰ ì„  ì¿ ì…˜|neutral;ìˆ˜ë°•ì¶”ì¶œë¬¼ í•¨ìœ |neutral;ìˆ˜ë°•ì¶”ì¶œë¬¼ í•¨ìœ |positive;ìˆ˜ë°•í–¥|neutral;ìˆ˜ë¶„|neutral	inputs.gold_tuples	1	1	1	1	0	0	0	6	1	1	0	1	1	1	0	1	1	5			stage2	RuleB	1	0	0	0	
nikluge-sa-2022-train-01248	implicit	not evaluated for explicit F1	|positive	1	3	0	1	0	0	empty	ì½”ì•ˆìª½ìœ¼ë¡œ ì°”ë¦´ê¹Œ ê±±ì •ì•ˆí•´ë„ ë˜ê³ , 1ë¶„ì´ë©´ ê¹”ë”í•˜ê²Œ ì •ë¦¬ë˜ìš”.		paper_main	stage1_tuples	2	1ë¶„|neutral;ì½”ì•ˆìª½|neutral	final_tuples	1ë¶„|neutral;ì½”ì•ˆìª½|neutral;ì½”ì•ˆìª½|positive	inputs.gold_tuples	1	1	0	0	1	0	0	3	1	1	0	1	1	1	0	1	1	2			stage2	RuleB	0	0	0	0	
nikluge-sa-2022-train-01392	implicit	not evaluated for explicit F1	|positive	1	3	0	1	0	0	empty	ìž¥ë‚œê°ì´ë‚˜ ì»µ ì¹˜ë°œê¸° ì—°ê²°í•´ì„œ ì¦ê²ê²Œ pick up~		paper_main	stage1_tuples	2	ìž¥ë‚œê°|neutral;ì»µ ì¹˜ë°œê¸°|neutral	final_tuples	ìž¥ë‚œê°|neutral;ìž¥ë‚œê°|positive;ì»µ ì¹˜ë°œê¸°|neutral	inputs.gold_tuples	1	1	0	0	1	0	0	3	1	1	0	1	1	1	0	1	1	1			stage2	RuleB	0	0	0	0	
nikluge-sa-2022-train-00173	explicit		ì˜¬ì¸ì›ì•„ê¸°ë |positive	1	4	0	0	0	0		ì´ì   #ì‹ ìƒì•„ì•„ê¸°ë  ë²—ì–´ë‚˜ë‚˜ ì‹¶ì§€ë§Œ.. ìš”ì¦˜ì€ #ì˜¬ì¸ì›ì•„ê¸°ë  ë¡œ #ì•„ê¸°ë  ë¶€í„°.. #íž™ì‹œíŠ¸ ê¹Œì§€ë„ ëª¨ë‘ í•œë²ˆì— í•´ê²°ì´ ë˜ì£ ..		paper_main	stage1_tuples	4	#ì‹ ìƒì•„ì•„ê¸°ë |neutral;#ì•„ê¸°ë |neutral;#ì˜¬ì¸ì›ì•„ê¸°ë |neutral;#íž™ì‹œíŠ¸|neutral	final_tuples	#ì‹ ìƒì•„ì•„ê¸°ë |neutral;#ì•„ê¸°ë |neutral;#ì˜¬ì¸ì›ì•„ê¸°ë |neutral;#íž™ì‹œíŠ¸|positive	inputs.gold_tuples	0	1	1	1	0	0	0	4	1	1	0	1	0	0	1	1	1	4	CONTRAST_SCOPE		stage2	RuleB,RuleM,RuleD,RuleE	1	0	0	0	
nikluge-sa-2022-train-00712	implicit	not evaluated for explicit F1	|positive	1	2	0	1	0	0	empty	CJì˜¤ì‡¼í•‘ì— ë“œë””ì–´ ìƒë¥™í–ˆë‹¤ëŠ”ë°.. ê³„ì† ëŒë¦¬ë„¤ìš©ã…Žã…Žã…Ž		paper_main	stage1_tuples	1	cjì˜¤ì‡¼í•‘|neutral	final_tuples	cjì˜¤ì‡¼í•‘|neutral;cjì˜¤ì‡¼í•‘|positive	inputs.gold_tuples	1	1	0	0	1	0	0	2	1	1	0	1	1	1	0	0	0	0			stage2	RuleB	0	0	0	0	
nikluge-sa-2022-train-01612	implicit	not evaluated for explicit F1	|positive	1	2	0	1	0	0	empty	ë¹ ë¥´ê²Œ í¡ìˆ˜ë˜ë©´ì„œ ë°œë¦¼ì„± ì¢‹ì•„ì„œ ìžê¾¸ë§Œ ë°”ë¥´ê³ ì‹¶ë ~~		paper_main	stage1_tuples	1	ë°œë¦¼ì„±|neutral	final_tuples	ë°œë¦¼ì„±|neutral;ë°œë¦¼ì„±|positive	inputs.gold_tuples	1	1	0	0	1	0	0	2	1	1	0	1	1	1	0	1	1	1			stage2	RuleB	0	0	0	0	
