text_id	uid	profile	gold_type	f1_eval_note	stage1_tuple_source	stage1_n_pairs	stage1_pairs	final_tuple_source	final_n_pairs	final_pairs	final_n_pairs_raw	final_pairs_raw	final_n_pairs_after_rep	final_pairs_after_rep	gold_tuple_source	gold_n_pairs	gold_pairs	gold_n_explicit_pairs	gold_n_implicit_pairs	gold_audit_verdict	delta_pairs_count	stage1_to_final_changed	stage1_to_final_changed_from_delta	drift_any_change	drift_conflict_relevant_change	guided_change	unguided_drift	matches_stage1_vs_gold	matches_final_vs_gold	new_correct_in_final	new_wrong_in_final	risk_flagged	stage1_structural_risk	stage2_structural_risk	risk_resolution	polarity_conflict_raw	polarity_conflict_after_rep	stage_mismatch	unsupported_polarity	aspect_hallucination	alignment_failure_count	validator_s1_risk_ids	validator_s2_risk_ids	moderator_selected_stage	moderator_rules	drift_cause_tag	stage2_adopted_but_no_change	episodic_memory_effect	memory_enabled	memory_retrieved	memory_injected	memory_exposed_to_debate	memory_retrieved_n	memory_used	memory_injected_chars	memory_ids_or_hash	memory_blocked_episode_n	memory_blocked_advisory_n	memory_block_reason	risk_before_sum	risk_after_sum	risk_delta_sum	text
nikluge-sa-2022-train-00987		paper_main	explicit		stage1_tuples	2	ì•„ì´ë“¤ì—ê²Œ|neutral;ì•„ì´ë¦½ë°¤|positive	final_tuples	1	ì•„ì´ë¦½ë°¤|positive	1	ì•„ì´ë¦½ë°¤|positive	1	ì•„ì´ë¦½ë°¤|positive	inputs.gold_tuples	1	ì•„ì´ë¦½ë°¤|positive	1	0	explicit	-1	1	1	1	1	1	0	1	1	0	0	1	1	0	1	0	0	0	1	1	2			stage2	RuleB	stage2_selected	0	1	1	0	0	0	0	0	0		0	0		0.0	0.0	0.0	ì—„ë§ˆë”°ë¼í•˜ê¸°ë¥¼ ì¢‹ì•„í•˜ëŠ” ì•„ì´ë“¤ì—ê²Œ ì•ˆì„±ë§ì¶¤ #ì•„ì´ë¦½ë°¤
nikluge-sa-2022-train-00922		paper_main	explicit		stage1_tuples	1	ì‚¬ì´ì¦ˆ|positive	final_tuples	1	ì‚¬ì´ì¦ˆ|positive	1	ì‚¬ì´ì¦ˆ|positive	1	ì‚¬ì´ì¦ˆ|positive	inputs.gold_tuples	1	ì‚¬ì´ì¦ˆ|positive	1	0	explicit	0	0	0	0	0	0	0	1	1	0	0	0	0	0	0	0	0	0	1	1	1			stage2	RuleB		1	0	1	1	0	0	1	0	0	epi_000001	0	0		0.0	0.0	0.0	130cm/24kg ë”¸ 13í˜¸ ì…ì—ˆëŠ”ë° ì‚¬ì´ì¦ˆëŠ” ì¢€ ë„‰ë„‰í•˜ê²Œ ë‚˜ì˜¨ê±° ê°™ì•„ìš”~
nikluge-sa-2022-train-00077		paper_main	implicit	not evaluated for explicit F1	stage1_tuples	3	ì•„ì´ë¦¬ë²„|neutral;ì¼ë¥˜ ê¸°ì—…|negative;ì¤‘ì†Œì—…ì²´|neutral	final_tuples	3	ì•„ì´ë¦¬ë²„|neutral;ì¼ë¥˜ ê¸°ì—…|negative;ì¤‘ì†Œì—…ì²´|neutral	3	ì•„ì´ë¦¬ë²„|neutral;ì¼ë¥˜ ê¸°ì—…|negative;ì¤‘ì†Œì—…ì²´|neutral	3	ì•„ì´ë¦¬ë²„|neutral;ì¼ë¥˜ ê¸°ì—…|negative;ì¤‘ì†Œì—…ì²´|neutral	inputs.gold_tuples	1	|negative	0	1	implicit	0	0	0	0	0	0	0	0	0	0	3	1	1	0	1	0	0	0	1	1	2			stage2	RuleB		1	0	1	1	0	0	1	0	0	epi_000001	0	0		0.0	0.0	0.0	ì™œ ì¼ë¥˜ ê¸°ì—…ì´ë¼ëŠ” ê²Œ ì•„ì´ë¦¬ë²„ë‚˜ ë‹¤ë¥¸ ì¤‘ì†Œì—…ì²´ë³´ë‹¤ ëª»í•˜ì§€?
nikluge-sa-2022-train-00536		paper_main	explicit		stage1_tuples	5	ê³ ê°€ì˜ ìºë¹„ì•„|neutral;ë§ˆìŠ¤í¬íŒ©|neutral;ì €ë ´í•œ ê°€ê²©|neutral;í”¼ë¶€ ë‹¨ë°±ì§ˆ êµ¬ì¡°|neutral;í”¼ë¶€ê´€ë¦¬|positive	final_tuples	5	ê³ ê°€ì˜ ìºë¹„ì•„|neutral;ë§ˆìŠ¤í¬íŒ©|positive;ì €ë ´í•œ ê°€ê²©|positive;í”¼ë¶€ ë‹¨ë°±ì§ˆ êµ¬ì¡°|neutral;í”¼ë¶€ê´€ë¦¬|positive	5	ê³ ê°€ì˜ ìºë¹„ì•„|neutral;ë§ˆìŠ¤í¬íŒ©|positive;ì €ë ´í•œ ê°€ê²©|positive;í”¼ë¶€ ë‹¨ë°±ì§ˆ êµ¬ì¡°|neutral;í”¼ë¶€ê´€ë¦¬|positive	5	ê³ ê°€ì˜ ìºë¹„ì•„|neutral;ë§ˆìŠ¤í¬íŒ©|positive;ì €ë ´í•œ ê°€ê²©|positive;í”¼ë¶€ ë‹¨ë°±ì§ˆ êµ¬ì¡°|neutral;í”¼ë¶€ê´€ë¦¬|positive	inputs.gold_tuples	1	ë§ˆìŠ¤í¬íŒ©|positive	1	0	explicit	0	1	1	1	1	0	1	0	1	1	4	1	1	0	1	0	0	0	1	1	4			stage2	RuleB	stage2_selected	0	0	1	1	0	0	1	0	0	epi_000001	0	0		0.0	0.0	0.0	í”¼ë¶€ ë‹¨ë°±ì§ˆ êµ¬ì¡°ì™€ ê°€ì¥ í¡ì‚¬í•œ ê³ ê°€ì˜ ìºë¹„ì•„ë¥¼ ì €ë ´í•œ ê°€ê²©ì— ë§ˆìŠ¤í¬íŒ©ìœ¼ë¡œ í”¼ë¶€ê´€ë¦¬ë¥¼ í•  ìˆ˜ ìˆìœ¼ë‹ˆ #ëŒ€ë°•í…œ !!ğŸ’œ
nikluge-sa-2022-train-00969		paper_main	explicit		stage1_tuples	3	ì•„ë‹´í•œì‚¬ì´ì¦ˆ|positive;í† ë¼ì¸í˜•|positive;í”„ë¦´ì¥ì‹|positive	final_tuples	3	ì•„ë‹´í•œì‚¬ì´ì¦ˆ|positive;í† ë¼ì¸í˜•|positive;í”„ë¦´ì¥ì‹|positive	3	ì•„ë‹´í•œì‚¬ì´ì¦ˆ|positive;í† ë¼ì¸í˜•|positive;í”„ë¦´ì¥ì‹|positive	3	ì•„ë‹´í•œì‚¬ì´ì¦ˆ|positive;í† ë¼ì¸í˜•|positive;í”„ë¦´ì¥ì‹|positive	inputs.gold_tuples	1	í”„ë¦´ì¥ì‹|positive	1	0	explicit	0	0	0	0	0	0	0	1	1	0	2	1	1	0	1	0	0	0	1	1	2			stage2	RuleB		1	0	1	1	0	0	1	0	0	epi_000001	0	0		0.0	0.0	0.0	ì•„ë‹´í•œì‚¬ì´ì¦ˆ ê·¸ë¦¬ê³  #í”„ë¦´ì¥ì‹ ê¹Œì§€ ë„˜ ì‚¬ë‘ìŠ¤ëŸ° #í† ë¼ì¸í˜•
nikluge-sa-2022-train-01877		paper_main	explicit		stage1_tuples	1	#ì˜¬ì¸ì›í¬ë¦¼|neutral	final_tuples	1	#ì˜¬ì¸ì›í¬ë¦¼|neutral	1	#ì˜¬ì¸ì›í¬ë¦¼|neutral	1	#ì˜¬ì¸ì›í¬ë¦¼|neutral	inputs.gold_tuples	1	ì˜¬ì¸ì›í¬ë¦¼|positive	1	0	explicit	0	0	0	0	0	0	0	0	0	0	1	0	0	0	0	0	0	0	1	1	1			stage2	RuleB		1	0	1	1	0	0	1	0	0	epi_000001	0	0		0.0	0.0	0.0	ê°„í¸í•˜ê²Œ #ì˜¬ì¸ì›í¬ë¦¼ ìœ¼ë¡œ ê´€ë¦¬í•˜ëŠ” ì—¬ì
nikluge-sa-2022-train-02944		paper_main	implicit	not evaluated for explicit F1	stage1_tuples	2	ë°”ë¥´ê³  ë‚œ ì§í›„|neutral;í¡ìˆ˜|neutral	final_tuples	2	ë°”ë¥´ê³  ë‚œ ì§í›„|negative;í¡ìˆ˜|positive	2	ë°”ë¥´ê³  ë‚œ ì§í›„|negative;í¡ìˆ˜|positive	2	ë°”ë¥´ê³  ë‚œ ì§í›„|negative;í¡ìˆ˜|positive	inputs.gold_tuples	1	|positive	0	1	implicit	0	1	1	1	1	0	1	0	0	0	2	1	1	0	1	0	0	0	1	1	1	CONTRAST_SCOPE		stage2	RuleB,RuleE	stage2_selected	0	0	1	1	0	0	1	0	0	epi_000001	0	0		2.0	0.0	-2.0	ì—­ì‹œ ë°”ë¥´ê³  ë‚œ ì§í›„ì—ëŠ” ì´ë ‡ê²Œ ë§¨ë“¤ê±°ë¦¬ì§€ë§Œ ê¸ˆë°© ë°”ë¡œ í¡ìˆ˜ë˜ì–´ ë²„ë¦°ë‹µë‹ˆë‹¤.
nikluge-sa-2022-train-01305		paper_main	explicit		stage1_tuples	7	24ì‹œê°„ ìë™ì •ì˜¨|positive;ê¸°ë³¸ì ì¸ ê¸°ëŠ¥|neutral;ëƒ‰ë™ì‹¤full ë“œë¡œì–´ ê¸°ëŠ¥ë“¤|neutral;ë„ì–´ì¿¨ë§|positive;ë©€í‹°ìˆ˜ë‚©í•¨|positive;ì‹ ì„ ì•¼ì±„ì‹¤|positive;ì¥ì ë“¤|neutral	final_tuples	8	24ì‹œê°„ ìë™ì •ì˜¨|positive;|neutral;ê¸°ë³¸ì ì¸ ê¸°ëŠ¥|positive;ëƒ‰ë™ì‹¤full ë“œë¡œì–´ ê¸°ëŠ¥ë“¤|positive;ë„ì–´ì¿¨ë§|positive;ë©€í‹°ìˆ˜ë‚©í•¨|positive;ì‹ ì„ ì•¼ì±„ì‹¤|positive;ì¥ì ë“¤|positive	8	24ì‹œê°„ ìë™ì •ì˜¨|positive;|neutral;ê¸°ë³¸ì ì¸ ê¸°ëŠ¥|positive;ëƒ‰ë™ì‹¤full ë“œë¡œì–´ ê¸°ëŠ¥ë“¤|positive;ë„ì–´ì¿¨ë§|positive;ë©€í‹°ìˆ˜ë‚©í•¨|positive;ì‹ ì„ ì•¼ì±„ì‹¤|positive;ì¥ì ë“¤|positive	7	24ì‹œê°„ ìë™ì •ì˜¨|positive;ê¸°ë³¸ì ì¸ ê¸°ëŠ¥|positive;ëƒ‰ë™ì‹¤full ë“œë¡œì–´ ê¸°ëŠ¥ë“¤|positive;ë„ì–´ì¿¨ë§|positive;ë©€í‹°ìˆ˜ë‚©í•¨|positive;ì‹ ì„ ì•¼ì±„ì‹¤|positive;ì¥ì ë“¤|positive	inputs.gold_tuples	2	24ì‹œê°„ ìë™ì •ì˜¨, ë„ì–´ì¿¨ë§, ì‹ ì„ ì•¼ì±„ì‹¤, ë©€í‹°ìˆ˜ë‚©í•¨, ëƒ‰ë™ì‹¤full ë“œë¡œì–´ ê¸°ëŠ¥|positive;ëƒ‰ì¥ê³ ê°€ ê°–ê³  ìˆì–´ì•¼ í•  ê¸°ë³¸ì ì¸ ê¸°ëŠ¥|positive	2	0	explicit	1	1	1	1	1	0	1	0	0	0	8	1	1	0	1	0	0	0	1	1	7			stage2	RuleB	stage2_selected	0	0	1	1	0	0	2	0	0	epi_000001;epi_000007	0	0		0.0	0.0	0.0	ì–¼ìŒì •ìˆ˜ê¸° ê¸°ëŠ¥ ì´ì™¸ì—ë„ ëƒ‰ì¥ê³ ê°€ ê°–ê³  ìˆì–´ì•¼ í•  ê¸°ë³¸ì ì¸ ê¸°ëŠ¥ì€ ë¬¼ë¡ ì´ê³ , 24ì‹œê°„ ìë™ì •ì˜¨, ë„ì–´ì¿¨ë§, ì‹ ì„ ì•¼ì±„ì‹¤, ë©€í‹°ìˆ˜ë‚©í•¨, ëƒ‰ë™ì‹¤Full ë“œë¡œì–´ ê¸°ëŠ¥ë“¤ì€ #ëƒ‰ì¥ê³ ì¶”ì²œ í•˜ê¸°ì— ì¶©ë¶„í•œ ë§¤ë ¥ë©ì–´ë¦¬ë“¤ì´ë¼ì„œ, ì‚¬ìš©í•˜ë©´ì„œë„ ëŠ˜ ê°ì‚¬í–ˆë˜ ì¥ì ë“¤ì´ëë‹ˆë‹¤.
nikluge-sa-2022-train-01356		paper_main	explicit		stage1_tuples	6	ë¡œì§€ì‚¬í‹´í¬ë¦¼|neutral;ë©”ì´í¬ì—…|positive;ë°¤|neutral;ì†ŒëŸ‰|neutral;í”¼ë¶€|neutral;í”¼ë¶€ê²°|positive	final_tuples	6	ë¡œì§€ì‚¬í‹´í¬ë¦¼|negative;ë©”ì´í¬ì—…|positive;ë°¤|neutral;ì†ŒëŸ‰|neutral;í”¼ë¶€|positive;í”¼ë¶€ê²°|positive	6	ë¡œì§€ì‚¬í‹´í¬ë¦¼|negative;ë©”ì´í¬ì—…|positive;ë°¤|neutral;ì†ŒëŸ‰|neutral;í”¼ë¶€|positive;í”¼ë¶€ê²°|positive	6	ë¡œì§€ì‚¬í‹´í¬ë¦¼|negative;ë©”ì´í¬ì—…|positive;ë°¤|neutral;ì†ŒëŸ‰|neutral;í”¼ë¶€|positive;í”¼ë¶€ê²°|positive	inputs.gold_tuples	1	ë¡œì§€ì‚¬í‹´í¬ë¦¼|positive	1	0	explicit	0	1	1	1	1	1	0	0	0	0	6	1	1	0	1	0	0	0	1	1	6			stage2	RuleB	stage2_selected	0	1	1	1	0	0	2	0	0	epi_000001;epi_000007	0	0		0.0	0.0	0.0	ê·¸ë§Œí¼ í”¼ë¶€ê²°ì´ ì¤‘ìš”í•œë° ë¡œì§€ì‚¬í‹´í¬ë¦¼ì€ ì†ŒëŸ‰ë§Œ ë°œë¼ë„ ë©”ì´í¬ì—…ì´ ì«€ì«€í•´ì§€ê³  ë°¤ì— ë°”ë¥´ê³  ìë©´ ë‹¤ìŒë‚  ì•„ì¹¨ í”¼ë¶€ê°€ ê¹ë‹¬ê±€ì²˜ëŸ¼ ë§¤ëˆí•˜ë‹µë‹ˆë‹¤
nikluge-sa-2022-train-00433		paper_main	implicit	not evaluated for explicit F1	stage1_tuples	1	ì‚¬ìš©ê°|positive	final_tuples	1	ì‚¬ìš©ê°|positive	1	ì‚¬ìš©ê°|positive	1	ì‚¬ìš©ê°|positive	inputs.gold_tuples	1	|positive	0	1	implicit	0	0	0	0	0	0	0	0	0	0	1	0	1	0	1	0	0	0	1	0	0			stage2	RuleB		1	0	1	1	0	0	3	0	0	epi_000001;epi_000007;epi_000009	0	0		0.0	0.0	0.0	ì‚¬ìš©ê° ì¢‹ì•„ìš”
nikluge-sa-2022-train-01287		paper_main	explicit		stage1_tuples	4	ìˆ˜ë¶„ë³´ì¶©|positive;ìˆ˜ìš©ì„± ì €ë¶„ì ì–´ë¥˜ì½œë¼ê²ì„±ë¶„|neutral;ì—ì„¼ìŠ¤|neutral;íƒ„ë ¥|positive	final_tuples	4	ìˆ˜ë¶„ë³´ì¶©|positive;ìˆ˜ìš©ì„± ì €ë¶„ì ì–´ë¥˜ì½œë¼ê²ì„±ë¶„|neutral;ì—ì„¼ìŠ¤|neutral;íƒ„ë ¥|positive	4	ìˆ˜ë¶„ë³´ì¶©|positive;ìˆ˜ìš©ì„± ì €ë¶„ì ì–´ë¥˜ì½œë¼ê²ì„±ë¶„|neutral;ì—ì„¼ìŠ¤|neutral;íƒ„ë ¥|positive	4	ìˆ˜ë¶„ë³´ì¶©|positive;ìˆ˜ìš©ì„± ì €ë¶„ì ì–´ë¥˜ì½œë¼ê²ì„±ë¶„|neutral;ì—ì„¼ìŠ¤|neutral;íƒ„ë ¥|positive	inputs.gold_tuples	1	ì—ì„¼ìŠ¤|positive	1	0	explicit	0	0	0	0	0	0	0	0	0	0	4	1	1	0	1	0	0	0	1	1	4			stage2	RuleB		1	0	1	1	0	0	3	0	0	epi_000001;epi_000007;epi_000009	0	0		0.0	0.0	0.0	ìˆ˜ìš©ì„± ì €ë¶„ì ì–´ë¥˜ì½œë¼ê²ì„±ë¶„ì˜ ë² ì´ìŠ¤ë¡œ ìˆ˜ë¶„ë³´ì¶©ê³¼ ë™ì‹œì— íƒ„ë ¥ê¹Œì§€ ë³´ì¶©í•´ ì£¼ëŠ” ì—ì„¼ìŠ¤ì—ìš”.
nikluge-sa-2022-train-02175		paper_main	implicit	not evaluated for explicit F1	stage1_tuples	1	ë¶€ë“œëŸ¬ì›€|positive	final_tuples	1	ë¶€ë“œëŸ¬ì›€|positive	1	ë¶€ë“œëŸ¬ì›€|positive	1	ë¶€ë“œëŸ¬ì›€|positive	inputs.gold_tuples	1	|positive	0	1	implicit	0	0	0	0	0	0	0	0	0	0	1	0	0	0	0	0	0	0	1	1	1			stage2	RuleB		1	0	1	1	0	0	3	0	0	epi_000001;epi_000007;epi_000009	0	0		0.0	0.0	0.0	ë§Œì ¸ë³´ë©´ ë¶€ë“œëŸ¬ì›€ì´ ë”± ëŠê»´ì ¸ìš”ğŸ‘ğŸ»
nikluge-sa-2022-train-01797		paper_main	implicit	not evaluated for explicit F1	stage1_tuples	1	ë„ˆë¬´ ì¢‹ì•„|neutral	final_tuples	1	ë„ˆë¬´ ì¢‹ì•„|positive	1	ë„ˆë¬´ ì¢‹ì•„|positive	1	ë„ˆë¬´ ì¢‹ì•„|positive	inputs.gold_tuples	1	|positive	0	1	implicit	0	1	1	1	1	0	1	0	0	0	1	0	0	0	0	0	0	0	0	0	0			stage2	RuleB,RuleE	stage2_selected	0	0	1	1	0	0	3	0	0	epi_000001;epi_000007;epi_000009	0	0		0.0	0.0	0.0	ë„ˆë¬´ ì¢‹ì•„ ì§€ì¸ë“¤ì—ê²Œë„ ì¶”ì²œí•´ ì¤¬ì—ˆëŠ”ë° ì •ë§ ê¸°ëŒ€ë˜ë„¤ìš”^^
nikluge-sa-2022-train-00644		paper_main	implicit	not evaluated for explicit F1	stage1_tuples	2	ì‚¬ìš©ê°|positive;íŒ¨í‚¤ì§€|positive	final_tuples	2	ì‚¬ìš©ê°|positive;íŒ¨í‚¤ì§€|positive	2	ì‚¬ìš©ê°|positive;íŒ¨í‚¤ì§€|positive	2	ì‚¬ìš©ê°|positive;íŒ¨í‚¤ì§€|positive	inputs.gold_tuples	2	|positive;íŒ¨í‚¤ì§€|positive	1	1	implicit	0	0	0	0	0	0	0	1	1	0	1	1	1	0	1	0	0	0	1	1	1	CONTRAST_SCOPE		stage2	RuleB		1	0	1	1	0	0	3	0	0	epi_000001;epi_000007;epi_000009	0	0		2.0	0.0	-2.0	ì—¬ì „íˆ ì‚¬ìš©ê°ì€ ë„ˆë¬´ ì¢‹ì€ë° íŒ¨í‚¤ì§€ëŠ” ë” ì„¸ë ¨ë˜ê²Œ ë³€í•œ ê²ƒ ê°™ì•„ìš”.
nikluge-sa-2022-train-00643		paper_main	implicit	not evaluated for explicit F1	stage1_tuples	2	99.9% ìì—°ìœ ë˜ì˜ ì°©í•œ ì„±ë¶„ë“¤|neutral;ì—¬ì„±ì„ ìœ„í•œ ì œí’ˆ|neutral	final_tuples	2	99.9% ìì—°ìœ ë˜ì˜ ì°©í•œ ì„±ë¶„ë“¤|positive;ì—¬ì„±ì„ ìœ„í•œ ì œí’ˆ|positive	2	99.9% ìì—°ìœ ë˜ì˜ ì°©í•œ ì„±ë¶„ë“¤|positive;ì—¬ì„±ì„ ìœ„í•œ ì œí’ˆ|positive	2	99.9% ìì—°ìœ ë˜ì˜ ì°©í•œ ì„±ë¶„ë“¤|positive;ì—¬ì„±ì„ ìœ„í•œ ì œí’ˆ|positive	inputs.gold_tuples	1	|positive	0	1	implicit	0	1	1	1	1	0	1	0	0	0	2	1	1	0	1	0	0	0	1	1	2			stage2	RuleB,RuleE	stage2_selected	0	0	1	1	0	0	3	0	0	epi_000001;epi_000007;epi_000009	0	0		0.0	0.0	0.0	99.9% ìì—°ìœ ë˜ì˜ ì°©í•œ ì„±ë¶„ë“¤ì´ë¼ì„œ ì•ˆì‹¬í•˜ê³  ì‚¬ìš©í•  ìˆ˜ ìˆëŠ” ì—¬ì„±ì„ ìœ„í•œ ì œí’ˆì´ëë‹ˆë‹¹
nikluge-sa-2022-train-00028		paper_main	implicit	not evaluated for explicit F1	stage1_tuples	5	ê°ì§„ ì¸ìƒ|neutral;ë’·ë°±|neutral;ì‚¬ê°|neutral;í„|neutral;í°|neutral	final_tuples	5	ê°ì§„ ì¸ìƒ|positive;ë’·ë°±|negative;ì‚¬ê°|positive;í„|negative;í°|positive	5	ê°ì§„ ì¸ìƒ|positive;ë’·ë°±|negative;ì‚¬ê°|positive;í„|negative;í°|positive	5	ê°ì§„ ì¸ìƒ|positive;ë’·ë°±|negative;ì‚¬ê°|positive;í„|negative;í°|positive	inputs.gold_tuples	1	|negative	0	1	implicit	0	1	1	1	1	0	1	0	0	0	5	1	1	0	1	0	0	0	1	1	3			stage2	RuleB,RuleE	stage2_selected	0	0	1	1	0	0	3	0	0	epi_000001;epi_000007;epi_000009	0	0		0.0	0.0	0.0	ê°ì§„ ì¸ìƒ, í°ë„ ì‚¬ê°ì´ ì¢‹ê³  ë’·ë°±ë„ í„ ê°™ì€ ê±° ì¢€ ë³„ë¡¤ì„¸;;
nikluge-sa-2022-train-01621		paper_main	explicit		stage1_tuples	6	ê°•í™© ë°œíš¨ ì—ë„ˆì§€|neutral;ë‘í”¼í™œë ¥|positive;ëª¨ë°œ|neutral;ì•”ë¼ì„±ë¶„|neutral;ì¸ì‚¼|neutral;í—¤ì–´|neutral	final_tuples	6	ê°•í™© ë°œíš¨ ì—ë„ˆì§€|positive;ë‘í”¼í™œë ¥|positive;ëª¨ë°œ|positive;ì•”ë¼ì„±ë¶„|positive;ì¸ì‚¼|positive;í—¤ì–´|positive	6	ê°•í™© ë°œíš¨ ì—ë„ˆì§€|positive;ë‘í”¼í™œë ¥|positive;ëª¨ë°œ|positive;ì•”ë¼ì„±ë¶„|positive;ì¸ì‚¼|positive;í—¤ì–´|positive	6	ê°•í™© ë°œíš¨ ì—ë„ˆì§€|positive;ë‘í”¼í™œë ¥|positive;ëª¨ë°œ|positive;ì•”ë¼ì„±ë¶„|positive;ì¸ì‚¼|positive;í—¤ì–´|positive	inputs.gold_tuples	2	ì•”ë¼ì„±ë¶„|positive;ì¸ì‚¼ê³¼ ê°•í™© ë°œíš¨ ì—ë„ˆì§€|positive	2	0	explicit	0	1	1	1	1	0	1	0	1	1	5	1	1	0	1	0	0	0	1	1	5			stage2	RuleB	stage2_selected	0	0	1	1	0	0	3	0	0	epi_000001;epi_000007;epi_000009	0	0		0.0	0.0	0.0	ì¸ì‚¼ê³¼ ê°•í™© ë°œíš¨ ì—ë„ˆì§€ê°€ ë‘í”¼í™œë ¥ì„ ì´‰ì§„í•˜ê³  ì•”ë¼ì„±ë¶„ì´ ì¦‰ê°ì ìœ¼ë¡œ ëª¨ë°œì„ ë‘ê»ê²Œ í•´ í•˜ë£¨ì¢…ì¼ í’ì„±í•œ í—¤ì–´ë¥¼ ìœ ì§€í•  ìˆ˜ ìˆì–´ìš”!!
nikluge-sa-2022-train-00189		paper_main	explicit		stage1_tuples	3	#ìŠ¤í‹±ë¹„ëˆ„|neutral;ì•„ì´ë“¤ ì†|neutral;ì‘ì€ì‚¬ì´ì¦ˆ|neutral	final_tuples	3	#ìŠ¤í‹±ë¹„ëˆ„|positive;ì•„ì´ë“¤ ì†|positive;ì‘ì€ì‚¬ì´ì¦ˆ|positive	3	#ìŠ¤í‹±ë¹„ëˆ„|positive;ì•„ì´ë“¤ ì†|positive;ì‘ì€ì‚¬ì´ì¦ˆ|positive	3	#ìŠ¤í‹±ë¹„ëˆ„|positive;ì•„ì´ë“¤ ì†|positive;ì‘ì€ì‚¬ì´ì¦ˆ|positive	inputs.gold_tuples	1	ì‘ì€ì‚¬ì´ì¦ˆì˜ #ìŠ¤í‹±ë¹„ëˆ„|positive	1	0	explicit	0	1	1	1	1	0	1	0	0	0	3	1	1	0	1	0	0	0	1	1	3			stage2	RuleB,RuleE	stage2_selected	0	0	1	1	0	0	3	0	0	epi_000001;epi_000007;epi_000009	0	0		0.0	0.0	0.0	ê·¸ë¦¬ê³  ì‘ì€ì‚¬ì´ì¦ˆì˜ #ìŠ¤í‹±ë¹„ëˆ„ íœ´ëŒ€í•˜ë©° ì‚¬ìš©ì¤‘ì¸ë° ê°€ì§€ê³  ë‹¤ë‹ˆë©° ì‚¬ìš©í•˜ë‹ˆ ì•„ì´ë“¤ ì†ì”»ê¸¸ë•Œë„ ì¢‹ê³  ì†ì”»ê³  ë•¡ê¸°ì§€ ì•Šì•„ì„œ ì¢‹ë„¤ìš”~
nikluge-sa-2022-train-00237		paper_main	explicit		stage1_tuples	5	ê°œì„ |neutral;ë°”ë””ì¼€ì–´ ì œí’ˆ|neutral;ì˜ˆë°©|neutral;ì¸ì²´ ì ìš© ì‹œí—˜|neutral;í”„ë¼ì  íŠ¸ë¼ ë²¨ë¦¬í¬ë¦¼|positive	final_tuples	5	ê°œì„ |positive;ë°”ë””ì¼€ì–´ ì œí’ˆ|positive;ì˜ˆë°©|positive;ì¸ì²´ ì ìš© ì‹œí—˜|neutral;í”„ë¼ì  íŠ¸ë¼ ë²¨ë¦¬í¬ë¦¼|positive	5	ê°œì„ |positive;ë°”ë””ì¼€ì–´ ì œí’ˆ|positive;ì˜ˆë°©|positive;ì¸ì²´ ì ìš© ì‹œí—˜|neutral;í”„ë¼ì  íŠ¸ë¼ ë²¨ë¦¬í¬ë¦¼|positive	5	ê°œì„ |positive;ë°”ë””ì¼€ì–´ ì œí’ˆ|positive;ì˜ˆë°©|positive;ì¸ì²´ ì ìš© ì‹œí—˜|neutral;í”„ë¼ì  íŠ¸ë¼ ë²¨ë¦¬í¬ë¦¼|positive	inputs.gold_tuples	1	í”„ë¼ì  íŠ¸ë¼ ë²¨ë¦¬í¬ë¦¼|positive	1	0	explicit	0	1	1	1	1	0	1	1	1	0	4	1	1	0	1	0	0	0	1	1	3			stage2	RuleB	stage2_selected	0	0	1	1	0	0	3	0	0	epi_000001;epi_000007;epi_000009	0	0		0.0	0.0	0.0	ì¸ì²´ ì ìš© ì‹œí—˜ìœ¼ë¡œ í™•ì¸ëœ ì˜ˆë°©ê³¼ ê°œì„ ì´ ê°€ëŠ¥í•œ ë°”ë””ì¼€ì–´ ì œí’ˆì´ ë°”ë¡œ í”„ë¼ì  íŠ¸ë¼ ë²¨ë¦¬í¬ë¦¼ì´ëë‹ˆë‹¤~
nikluge-sa-2022-train-01689		paper_main	implicit	not evaluated for explicit F1	stage1_tuples	1	í”¼ë¶€|positive	final_tuples	1	í”¼ë¶€|positive	1	í”¼ë¶€|positive	1	í”¼ë¶€|positive	inputs.gold_tuples	1	|positive	0	1	implicit	0	0	0	0	0	0	0	0	0	0	1	0	1	0	1	0	0	0	1	0	0			stage2	RuleB		1	0	1	1	0	0	3	0	0	epi_000001;epi_000007;epi_000009	0	0		0.0	0.0	0.0	í”¼ë¶€ë¥¼ ë§‘ê³  í™˜í•˜ê²Œ ê°€ê¿”ì¤˜ìš”~
nikluge-sa-2022-train-01241		paper_main	implicit	not evaluated for explicit F1	stage1_tuples	1	1+1 í–‰ì‚¬|positive	final_tuples	1	1+1 í–‰ì‚¬|positive	1	1+1 í–‰ì‚¬|positive	1	1+1 í–‰ì‚¬|positive	inputs.gold_tuples	1	|positive	0	1	implicit	0	0	0	0	0	0	0	0	0	0	1	0	1	0	1	0	0	0	1	0	0			stage2	RuleB		1	0	1	1	0	0	3	0	0	epi_000001;epi_000007;epi_000009	0	0		0.0	0.0	0.0	ì§€ê¸ˆ 1+1 í–‰ì‚¬ë„ í•˜ë‹ˆ ë˜ ìŸì—¬ë†”ì•¼ì§€~~ğŸ˜
nikluge-sa-2022-train-00817		paper_main	explicit		stage1_tuples	1	2 in 1|positive	final_tuples	1	2 in 1|positive	1	2 in 1|positive	1	2 in 1|positive	inputs.gold_tuples	1	2 in 1|positive	1	0	explicit	0	0	0	0	0	0	0	1	1	0	0	0	1	0	1	0	0	0	1	0	0			stage2	RuleB		1	0	1	1	0	0	3	0	0	epi_000001;epi_000007;epi_000009	0	0		0.0	0.0	0.0	2 in 1 ì´ë¼ ì™„ì „ í¸í•˜ë‹¤~!
nikluge-sa-2022-train-00192		paper_main	explicit		stage1_tuples	1	ëŒ€ìš©ëŸ‰|neutral	final_tuples	1	ëŒ€ìš©ëŸ‰|positive	1	ëŒ€ìš©ëŸ‰|positive	1	ëŒ€ìš©ëŸ‰|positive	inputs.gold_tuples	1	ëŒ€ìš©ëŸ‰|positive	1	0	explicit	0	1	1	1	1	0	1	0	1	1	0	0	0	0	0	0	0	0	1	1	1			stage2	RuleB,RuleE	stage2_selected	0	0	1	1	0	0	3	0	0	epi_000018;epi_000001;epi_000007	0	0		0.0	0.0	0.0	ëŒ€ìš©ëŸ‰ì´ë¼ ì•„ë‚Œì—†ì´ ë°œë¼ì£¼ê¸°!
nikluge-sa-2022-train-01112		paper_main	explicit		stage1_tuples	1	ì‚¬ì´ì¦ˆ|positive	final_tuples	1	ì‚¬ì´ì¦ˆ|positive	1	ì‚¬ì´ì¦ˆ|positive	1	ì‚¬ì´ì¦ˆ|positive	inputs.gold_tuples	1	ì‚¬ì´ì¦ˆ|positive	1	0	explicit	0	0	0	0	0	0	0	1	1	0	0	0	1	0	1	0	0	0	1	0	0			stage2	RuleB		1	0	1	1	0	0	3	0	0	epi_000001;epi_000007;epi_000009	0	0		0.0	0.0	0.0	ì‚¬ì´ì¦ˆê°€ ë„‰ë„‰í•˜ê²Œ ë‚˜ì™€ì„œ ì˜¤ë˜ì…íìˆ˜ ìˆì–´ì„œ ì¢‹ì•„ìš”!!
nikluge-sa-2022-train-02964		paper_main	implicit	not evaluated for explicit F1	stage1_tuples	3	ë¨¸ë¦¬ìƒ‰|neutral;ë°ê¸° ì²˜ë¦¬|neutral;ìì—°ìŠ¤ëŸ¬ìš´ ëª¨ìŠµ|neutral	final_tuples	3	ë¨¸ë¦¬ìƒ‰|neutral;ë°ê¸° ì²˜ë¦¬|neutral;ìì—°ìŠ¤ëŸ¬ìš´ ëª¨ìŠµ|neutral	3	ë¨¸ë¦¬ìƒ‰|neutral;ë°ê¸° ì²˜ë¦¬|neutral;ìì—°ìŠ¤ëŸ¬ìš´ ëª¨ìŠµ|neutral	3	ë¨¸ë¦¬ìƒ‰|neutral;ë°ê¸° ì²˜ë¦¬|neutral;ìì—°ìŠ¤ëŸ¬ìš´ ëª¨ìŠµ|neutral	inputs.gold_tuples	1	|positive	0	1	implicit	0	0	0	0	0	0	0	0	0	0	3	1	1	0	1	0	0	0	1	1	3	CONTRAST_SCOPE		stage2	RuleB		1	0	1	1	0	0	3	0	0	epi_000001;epi_000007;epi_000009	0	0		2.0	0.0	-2.0	ë‚´ ë¨¸ë¦¬ìƒ‰ì´ë‘ ì°°ë–¡ê°™ì•„ì„œ ìì—°ìŠ¤ëŸ¬ìš´ ëª¨ìŠµì„ ë” ë³´ì—¬ì£¼ê³  ì‹¶ì€ë° ìš”ë ‡ê²Œ ë°ê¸° ì²˜ë¦¬í•˜ë©´ ì˜ ë³´ì´ë ¤ë‚˜
nikluge-sa-2022-train-00258		paper_main	explicit		stage1_tuples	1	ë””ìì¸|positive	final_tuples	1	ë””ìì¸|positive	1	ë””ìì¸|positive	1	ë””ìì¸|positive	inputs.gold_tuples	1	ì¹˜ì•½|positive	1	0	explicit	0	0	0	0	0	0	0	0	0	0	1	0	1	0	1	0	0	0	1	0	0			stage2	RuleB		1	0	1	1	0	0	3	0	0	epi_000001;epi_000007;epi_000009	0	0		0.0	0.0	0.0	ë””ìì¸ì´ #ì˜ˆìœì¹˜ì•½ ì´ë¼ ì„ ë¬¼ë¡œë„ ì œê²©!!
nikluge-sa-2022-train-01801		paper_main	implicit	not evaluated for explicit F1	stage1_tuples	1	ê¸°ëŠ¥|positive	final_tuples	1	ê¸°ëŠ¥|positive	1	ê¸°ëŠ¥|positive	1	ê¸°ëŠ¥|positive	inputs.gold_tuples	1	|positive	0	1	implicit	0	0	0	0	0	0	0	0	0	0	1	1	1	0	1	0	0	0	1	0	0	CONTRAST_SCOPE		stage2	RuleB		1	0	1	1	0	0	3	0	0	epi_000018;epi_000001;epi_000007	0	0		2.0	0.0	-2.0	ì‘ì§€ë§Œ ì—†ëŠ” ê¸°ëŠ¥ì´ ì—†ë„¹ ã…‹ã…‹
nikluge-sa-2022-train-00726		paper_main	implicit	not evaluated for explicit F1	stage1_tuples	1	ì„ ë¬¼|positive	final_tuples	1	ì„ ë¬¼|positive	1	ì„ ë¬¼|positive	1	ì„ ë¬¼|positive	inputs.gold_tuples	1	|positive	0	1	implicit	0	0	0	0	0	0	0	0	0	0	1	0	0	0	0	0	0	0	1	1	1			stage2	RuleB		1	0	1	1	0	0	3	0	0	epi_000001;epi_000007;epi_000009	0	0		0.0	0.0	0.0	ì´ë²ˆ #ì„±ë…„ì˜ë‚  ì œì¼ ì¢‹ì€ ì„ ë¬¼ì´ ì•„ë‹ê¹Œì‹¶ì–´ìš”
nikluge-sa-2022-train-01961		paper_main	implicit	not evaluated for explicit F1	stage1_tuples	1	ë²ˆë“¤ê±°ë¦¼|negative	final_tuples	1	ë²ˆë“¤ê±°ë¦¼|negative	1	ë²ˆë“¤ê±°ë¦¼|negative	1	ë²ˆë“¤ê±°ë¦¼|negative	inputs.gold_tuples	1	|positive	0	1	implicit	0	0	0	0	0	0	0	0	0	0	1	0	1	0	1	0	0	0	1	0	0			stage2	RuleB		1	0	1	1	0	0	3	0	0	epi_000018;epi_000027;epi_000001	0	0		0.0	0.0	0.0	ë²ˆë“¤ê±°ë¦¼ì´ì—†ì–´ìš”~~
nikluge-sa-2022-train-01875		paper_main	explicit		trace_atsa	1	|neutral	final_tuples	1	|neutral	1	|neutral	1	|neutral	inputs.gold_tuples	1	ë¦¬ë‰´ë³¸ë‹¬íŒ½ì´í¬ë¦¼|positive	1	0	explicit	0	0	0	0	0	0	0	0	0	0	1	0	0	0	0	0	0	0	1	0	0			stage2	RuleB		1	0	1	1	0	0	3	0	0	epi_000001;epi_000007;epi_000009	0	0		0.0	0.0	0.0	ì£¼ë¦„,ë¯¸ë°±,í”¼ë¶€ì§„ì •,ë³´ìŠµì„ #ë¦¬ë‰´ë³¸ë‹¬íŒ½ì´í¬ë¦¼ í•˜ë‚˜ë¡œ #í”¼ë¶€ê´€ë¦¬
nikluge-sa-2022-train-01638		paper_main	implicit	not evaluated for explicit F1	stage1_tuples	1	ëª¨ê³µ|positive	final_tuples	1	ëª¨ê³µ|positive	1	ëª¨ê³µ|positive	1	ëª¨ê³µ|positive	inputs.gold_tuples	1	|positive	0	1	implicit	0	0	0	0	0	0	0	0	0	0	1	0	1	0	1	0	0	0	1	0	0			stage2	RuleB		1	0	1	1	0	0	3	0	0	epi_000001;epi_000007;epi_000009	0	0		0.0	0.0	0.0	#ëª¨ê³µì†Œë©¸ ë¨..
nikluge-sa-2022-train-01128		paper_main	implicit	not evaluated for explicit F1	stage1_tuples	3	ì„ ì¼€ì–´|neutral;ìì—°ìŠ¤ëŸ¬ìš´ í†¤ì—…|positive;ìì™¸ì„  ì°¨ë‹¨|positive	final_tuples	3	ì„ ì¼€ì–´|positive;ìì—°ìŠ¤ëŸ¬ìš´ í†¤ì—…|positive;ìì™¸ì„  ì°¨ë‹¨|positive	3	ì„ ì¼€ì–´|positive;ìì—°ìŠ¤ëŸ¬ìš´ í†¤ì—…|positive;ìì™¸ì„  ì°¨ë‹¨|positive	3	ì„ ì¼€ì–´|positive;ìì—°ìŠ¤ëŸ¬ìš´ í†¤ì—…|positive;ìì™¸ì„  ì°¨ë‹¨|positive	inputs.gold_tuples	2	|positive;ì„ ì¼€ì–´|positive	1	1	implicit	0	1	1	1	1	0	1	0	1	1	2	0	1	0	1	0	0	0	1	1	1			stage2	RuleB	stage2_selected	0	0	1	1	0	0	3	0	0	epi_000001;epi_000007;epi_000009	0	0		0.0	0.0	0.0	ìì™¸ì„  ì°¨ë‹¨ì€ ë¬¼ë¡ ì´ê³  ìì—°ìŠ¤ëŸ¬ìš´ í†¤ì—…ë˜ëŠ” ì„ ì¼€ì–´ë¥¼ ì°¾ìœ¼ì‹œë©´ ìš”ê±° ì¶”ì²œí•´ìš”~~
nikluge-sa-2022-train-01804		paper_main	implicit	not evaluated for explicit F1	stage1_tuples	2	ì‚¬ìš©ê°|positive;í”¼ë¶€|neutral	final_tuples	2	ì‚¬ìš©ê°|positive;í”¼ë¶€|positive	2	ì‚¬ìš©ê°|positive;í”¼ë¶€|positive	2	ì‚¬ìš©ê°|positive;í”¼ë¶€|positive	inputs.gold_tuples	1	|positive	0	1	implicit	0	1	1	1	1	0	1	0	0	0	2	0	0	0	0	0	0	0	1	1	1			stage2	RuleB	stage2_selected	0	0	1	1	0	0	3	0	0	epi_000001;epi_000007;epi_000009	0	0		0.0	0.0	0.0	í”¼ë¶€ì— ì°© ë°€ì°©ë˜ì–´ ë¶€ë“œëŸ¬ìš´ ì‚¬ìš©ê° ìµœê³ ë„¤ìš”
nikluge-sa-2022-train-02328		paper_main	explicit		stage1_tuples	1	ë¡± ê·€ê±¸ì´|positive	final_tuples	1	ë¡± ê·€ê±¸ì´|positive	1	ë¡± ê·€ê±¸ì´|positive	1	ë¡± ê·€ê±¸ì´|positive	inputs.gold_tuples	1	ë¡± ê·€ê±¸ì´|positive	1	0	explicit	0	0	0	0	0	0	0	1	1	0	0	0	1	0	1	0	0	0	1	0	0			stage2	RuleB		1	0	1	1	0	0	3	0	0	epi_000001;epi_000007;epi_000009	0	0		0.0	0.0	0.0	ì˜¤ëŠ˜ì€ ì™ ì§€ ë¡± ê·€ê±¸ì´ê°€ ë•¡ê¸°ëŠ” ë‚ 
nikluge-sa-2022-train-01748		paper_main	explicit		trace_atsa	1	|neutral	final_tuples	1	|neutral	1	|neutral	1	|neutral	inputs.gold_tuples	1	ë¦¬íŒŒìºëŸ¿|positive	1	0	explicit	0	0	0	0	0	0	0	0	0	0	1	0	0	0	0	0	0	0	1	1	1			stage2	RuleB		1	0	1	1	0	0	3	0	0	epi_000001;epi_000007;epi_000009	0	0		0.0	0.0	0.0	ê¾¸ì¤€íˆ ì‚¬ìš©í•˜ê³  ìˆëŠ” ë¦¬íŒŒìºëŸ¿
nikluge-sa-2022-train-00472		paper_main	implicit	not evaluated for explicit F1	stage1_tuples	2	í”¼ë¶€ ê´€ë¦¬|neutral;í”¼ë¶€|positive	final_tuples	2	í”¼ë¶€ ê´€ë¦¬|neutral;í”¼ë¶€|positive	2	í”¼ë¶€ ê´€ë¦¬|neutral;í”¼ë¶€|positive	2	í”¼ë¶€ ê´€ë¦¬|neutral;í”¼ë¶€|positive	inputs.gold_tuples	1	|positive	0	1	implicit	0	0	0	0	0	0	0	0	0	0	2	1	1	0	1	0	0	0	1	1	2			stage2	RuleB		1	0	1	1	0	0	3	0	0	epi_000001;epi_000007;epi_000009	0	0		0.0	0.0	0.0	ìš”ì¦˜ ì§€ì¸ë“¤ ë§Œë‚˜ë©´ í”¼ë¶€ ê´€ë¦¬ ëª¨í•˜ëƒëŠ” ë§ì„ ìì£¼ ë“£ëŠ”ë° ê·¸ë§Œí¼ ì œ í”¼ë¶€ê°€ ì¢‹ì•„ì¡Œë‹¨ ë§ì´ê² ì£ ?
nikluge-sa-2022-train-02941		paper_main	implicit	not evaluated for explicit F1	stage1_tuples	1	í¡ìˆ˜|positive	final_tuples	1	í¡ìˆ˜|positive	1	í¡ìˆ˜|positive	1	í¡ìˆ˜|positive	inputs.gold_tuples	1	|positive	0	1	implicit	0	0	0	0	0	0	0	0	0	0	1	0	0	0	0	0	0	0	1	1	1			stage2	RuleB		1	0	1	1	0	0	3	0	0	epi_000001;epi_000007;epi_000009	0	0		0.0	0.0	0.0	í•œ ì˜¤ë¶„ ì •ë„ê°€ ì§€ë‚˜ë©´ í¡ìˆ˜ê°€ ì‹¹ ë˜ë”ë¼êµ¬ìš”.
nikluge-sa-2022-train-00986		paper_main	implicit	not evaluated for explicit F1	stage1_tuples	1	ì—„ë§ˆ|neutral	final_tuples	1	ì—„ë§ˆ|positive	1	ì—„ë§ˆ|positive	1	ì—„ë§ˆ|positive	inputs.gold_tuples	1	|positive	0	1	implicit	0	1	1	1	1	0	1	0	0	0	1	0	0	0	0	0	0	0	0	0	0			stage2	RuleB,RuleE	stage2_selected	0	0	1	1	0	0	3	0	0	epi_000001;epi_000007;epi_000009	0	0		0.0	0.0	0.0	ì—„ë§ˆë„ ê¸°ëŒ€ë¼^^
nikluge-sa-2022-train-01751		paper_main	explicit		stage1_tuples	2	ë¡œí•˜ì…€ê¸€ë¡œì‹œë¦½ìŠ¤íƒ¬í”„|neutral;ë°œìƒ‰ë ¥|positive	final_tuples	2	ë¡œí•˜ì…€ê¸€ë¡œì‹œë¦½ìŠ¤íƒ¬í”„|positive;ë°œìƒ‰ë ¥|positive	2	ë¡œí•˜ì…€ê¸€ë¡œì‹œë¦½ìŠ¤íƒ¬í”„|positive;ë°œìƒ‰ë ¥|positive	2	ë¡œí•˜ì…€ê¸€ë¡œì‹œë¦½ìŠ¤íƒ¬í”„|positive;ë°œìƒ‰ë ¥|positive	inputs.gold_tuples	1	ë¡œí•˜ì…€ê¸€ë¡œì‹œë¦½ìŠ¤íƒ¬í”„|positive	1	0	explicit	0	1	1	1	1	0	1	0	1	1	1	1	1	0	1	0	0	0	1	1	2			stage2	RuleB	stage2_selected	0	0	1	1	0	0	3	0	0	epi_000001;epi_000007;epi_000009	0	0		0.0	0.0	0.0	ë°œìƒ‰ë ¥ ì§± ì¢‹ì€ #ë¡œí•˜ì…€ê¸€ë¡œì‹œë¦½ìŠ¤íƒ¬í”„
nikluge-sa-2022-train-01235		paper_main	explicit		stage1_tuples	7	ê³¼ì¼|neutral;ëƒ„ìƒˆ|neutral;ì•¼ì±„|neutral;ìœ„ìƒì |neutral;ìŒì‹ë¬¼ì“°ë ˆê¸°|negative;ìŒì‹ë¬¼ì“°ë ˆê¸°ë´‰íˆ¬|neutral;ìŒì‹ë¬¼ì“°ë ˆê¸°í†µ|positive	final_tuples	7	ê³¼ì¼|negative;ëƒ„ìƒˆ|positive;ì•¼ì±„|neutral;ìœ„ìƒì |positive;ìŒì‹ë¬¼ì“°ë ˆê¸°|negative;ìŒì‹ë¬¼ì“°ë ˆê¸°ë´‰íˆ¬|neutral;ìŒì‹ë¬¼ì“°ë ˆê¸°í†µ|positive	7	ê³¼ì¼|negative;ëƒ„ìƒˆ|positive;ì•¼ì±„|neutral;ìœ„ìƒì |positive;ìŒì‹ë¬¼ì“°ë ˆê¸°|negative;ìŒì‹ë¬¼ì“°ë ˆê¸°ë´‰íˆ¬|neutral;ìŒì‹ë¬¼ì“°ë ˆê¸°í†µ|positive	7	ê³¼ì¼|negative;ëƒ„ìƒˆ|positive;ì•¼ì±„|neutral;ìœ„ìƒì |positive;ìŒì‹ë¬¼ì“°ë ˆê¸°|negative;ìŒì‹ë¬¼ì“°ë ˆê¸°ë´‰íˆ¬|neutral;ìŒì‹ë¬¼ì“°ë ˆê¸°í†µ|positive	inputs.gold_tuples	1	ë§ˆì´ìŠ¤ ìŒì‹ë¬¼ì“°ë ˆê¸°ë´‰íˆ¬|positive	1	0	explicit	0	1	1	1	1	1	0	0	0	0	7	1	1	0	1	0	0	0	1	1	7			stage2	RuleB	stage2_selected	0	1	1	1	0	0	3	0	0	epi_000018;epi_000027;epi_000001	0	0		0.0	0.0	0.0	ì—¬ë¦„ì² ì´ë¼ #ìŒì‹ë¬¼ì“°ë ˆê¸° ë•Œë¬¸ì— ëŠ˜ ê³ ë¯¼ì¸ë°ğŸ¤®ğŸ¤® ê³¼ì¼ì´ë‚˜ ì•¼ì±„ ì†ì§ˆí•œ í›„ ë§ˆì´ìŠ¤ ìŒì‹ë¬¼ì“°ë ˆê¸°ë´‰íˆ¬ì— ë°”ë¡œ ë°€ë´‰í•´ì„œ #ìŒì‹ë¬¼ì“°ë ˆê¸°í†µ ì— ë²„ë¦¬ë©´ ë¼ì„œ ëƒ„ìƒˆì—†ì´ ìœ„ìƒì ìœ¼ë¡œ ê´€ë¦¬í• ìˆ˜ìˆì–´ìš”ğŸ’š
nikluge-sa-2022-train-00107		paper_main	explicit		stage1_tuples	4	ë¦¬ì‹œë²„|neutral;ë¸”ë£¨íˆ¬ìŠ¤ ì œí’ˆ|negative;ë¸”ë£¨íˆ¬ìŠ¤ ì§€ì›|neutral;ìµœê·¼ ê¸°ê¸°|neutral	final_tuples	4	ë¦¬ì‹œë²„|negative;ë¸”ë£¨íˆ¬ìŠ¤ ì œí’ˆ|negative;ë¸”ë£¨íˆ¬ìŠ¤ ì§€ì›|neutral;ìµœê·¼ ê¸°ê¸°|neutral	4	ë¦¬ì‹œë²„|negative;ë¸”ë£¨íˆ¬ìŠ¤ ì œí’ˆ|negative;ë¸”ë£¨íˆ¬ìŠ¤ ì§€ì›|neutral;ìµœê·¼ ê¸°ê¸°|neutral	4	ë¦¬ì‹œë²„|negative;ë¸”ë£¨íˆ¬ìŠ¤ ì œí’ˆ|negative;ë¸”ë£¨íˆ¬ìŠ¤ ì§€ì›|neutral;ìµœê·¼ ê¸°ê¸°|neutral	inputs.gold_tuples	1	ë¦¬ì‹œë²„|neutral	1	0	explicit	0	1	1	1	1	0	1	1	0	0	4	1	1	0	1	0	0	0	1	1	4	CONTRAST_SCOPE		stage2	RuleB	stage2_selected	0	0	1	1	0	0	3	0	0	epi_000018;epi_000027;epi_000040	0	0		2.0	0.0	-2.0	ì´ëŸ° ì ì„ ê°ì•ˆí•˜ë©´ ë¸”ë£¨íˆ¬ìŠ¤ ì œí’ˆë§ˆë‹¤ ëª¨ì¡°ë¦¬ ë¦¬ì‹œë²„ê°€ ë“¤ì–´ìˆì–´ì•¼ í•˜ëŠ” ê²ƒë„ ë§ì´ ì•ˆë˜ê³  ìµœê·¼ ê¸°ê¸°ëŠ” ë¸”ë£¨íˆ¬ìŠ¤ ì§€ì›ì€ ê¸°ë³¸ì´ë‹ˆ ë¶ˆë§Œì‚¬í•­ì´ ë  ìˆœ ì—†ê² ë‹¤.
nikluge-sa-2022-train-02608		paper_main	implicit	not evaluated for explicit F1	stage1_tuples	1	í”¼ë¶€|neutral	final_tuples	1	í”¼ë¶€|positive	1	í”¼ë¶€|positive	1	í”¼ë¶€|positive	inputs.gold_tuples	1	|positive	0	1	implicit	0	1	1	1	1	0	1	0	0	0	1	0	0	0	0	0	0	0	1	1	1			stage2	RuleB,RuleE	stage2_selected	0	0	1	1	0	0	3	0	0	epi_000018;epi_000027;epi_000040	0	0		0.0	0.0	0.0	ëˆì ì´ì§€ ì•Šê²Œ ì´‰ì´‰í•˜ê²Œ ìŠ¤ë©°ë“¤ë©´ì„œ í”¼ë¶€ ê¹Šìˆ™íˆ ì«€ì«€í•´ì§€ëŠ” ëŠë‚Œ!
nikluge-sa-2022-train-01800		paper_main	explicit		stage1_tuples	3	ì¼í•˜ë‹¤ ë³´ë©´ ë¥ê³  ë‹µë‹µí–ˆëŠ”ë°|neutral;ì»´í“¨í„° í•˜ëŠ”ê³³|neutral;íƒìƒìš©ì„ í’ê¸°|positive	final_tuples	3	ì¼í•˜ë‹¤ ë³´ë©´ ë¥ê³  ë‹µë‹µí–ˆëŠ”ë°|negative;ì»´í“¨í„° í•˜ëŠ”ê³³|neutral;íƒìƒìš©ì„ í’ê¸°|positive	3	ì¼í•˜ë‹¤ ë³´ë©´ ë¥ê³  ë‹µë‹µí–ˆëŠ”ë°|negative;ì»´í“¨í„° í•˜ëŠ”ê³³|neutral;íƒìƒìš©ì„ í’ê¸°|positive	3	ì¼í•˜ë‹¤ ë³´ë©´ ë¥ê³  ë‹µë‹µí–ˆëŠ”ë°|negative;ì»´í“¨í„° í•˜ëŠ”ê³³|neutral;íƒìƒìš©ì„ í’ê¸°|positive	inputs.gold_tuples	1	íƒìƒìš©ì„ í’ê¸°|positive	1	0	explicit	0	1	1	1	1	0	1	1	1	0	2	1	1	0	1	0	0	0	1	1	2	CONTRAST_SCOPE		stage2	RuleB	stage2_selected	0	0	1	1	0	0	3	0	0	epi_000001;epi_000007;epi_000009	0	0		2.0	0.0	-2.0	ì»´í“¨í„° í•˜ëŠ”ê³³ì´ ë§‰í˜€ ìˆì–´ ë²Œì¨ë¶€í„° ì¼í•˜ë‹¤ ë³´ë©´ ë¥ê³  ë‹µë‹µí–ˆëŠ”ë° #íƒìƒìš©ì„ í’ê¸° ì‚¬ìš©í•˜ë‹ˆ ë„ˆë¬´ ì‹œì›í•˜ê³  ì¢‹ìœ¼ë‹¹~!!
nikluge-sa-2022-train-02562		paper_main	implicit	not evaluated for explicit F1	stage1_tuples	3	ìŠ¤í‚¨ì¼€ì–´|neutral;í”¼ë¶€ë¿Œë¦¬ë¶€í„°í˜ìˆê²Œ|neutral;í™”ì¥í’ˆ|neutral	final_tuples	4	|negative;ìŠ¤í‚¨ì¼€ì–´|positive;í”¼ë¶€ë¿Œë¦¬ë¶€í„°í˜ìˆê²Œ|positive;í™”ì¥í’ˆ|negative	4	|negative;ìŠ¤í‚¨ì¼€ì–´|positive;í”¼ë¶€ë¿Œë¦¬ë¶€í„°í˜ìˆê²Œ|positive;í™”ì¥í’ˆ|negative	3	ìŠ¤í‚¨ì¼€ì–´|positive;í”¼ë¶€ë¿Œë¦¬ë¶€í„°í˜ìˆê²Œ|positive;í™”ì¥í’ˆ|negative	inputs.gold_tuples	1	|positive	0	1	implicit	1	1	1	1	1	0	1	0	0	0	4	1	1	0	1	0	0	0	1	1	5	CONTRAST_SCOPE		stage2	RuleB	stage2_selected	0	0	1	1	0	0	3	0	0	epi_000018;epi_000027;epi_000040	0	0		2.0	0.0	-2.0	ì—¬ë“œë¦„ìš©, ì£¼ë¦„ìš©, í™”ì´íŠ¸ë‹ ë“±ë“± ì´ ê²ƒ ì € ê²ƒ ì³ë°œì³ë°œ í•˜ë˜ ì˜ˆì „ê³¼ëŠ” ë‹¤ë¥´ê²Œ #í”¼ë¶€ë¿Œë¦¬ë¶€í„°í˜ìˆê²Œ #ìŠ¤í‚¨ì¼€ì–´ í•´ì£¼ë‹ˆ ê°•í•œ #í™”ì¥í’ˆì„ ì°¾ì§€ ì•Šê²Œ ë˜ë”ë¼êµ¬ìš”~
nikluge-sa-2022-train-02162		paper_main	explicit		stage1_tuples	1	#ì•„ë² ë‹¤|neutral	final_tuples	1	#ì•„ë² ë‹¤|positive	1	#ì•„ë² ë‹¤|positive	1	#ì•„ë² ë‹¤|positive	inputs.gold_tuples	1	ì•„ë² ë‹¤|positive	1	0	explicit	0	1	1	1	1	0	1	0	0	0	1	0	0	0	0	0	0	0	1	1	1			stage2	RuleB,RuleE	stage2_selected	0	0	1	1	0	0	3	0	0	epi_000001;epi_000007;epi_000009	0	0		0.0	0.0	0.0	ì´ê²Œ ë°”ë¡œ ë‹¤ #ì•„ë² ë‹¤ ë•ë¶„
nikluge-sa-2022-train-00320		paper_main	explicit		stage1_tuples	4	#ë²„ë¸”í¼|neutral;#ì•„í† í´ë¦¬ë‹‰|neutral;#ìœ ì•„ì„¸ì•ˆì œ|neutral;ê±´ì¡°í•˜ì§€ë„ ì•Šê³ |neutral	final_tuples	4	#ë²„ë¸”í¼|positive;#ì•„í† í´ë¦¬ë‹‰|neutral;#ìœ ì•„ì„¸ì•ˆì œ|neutral;ê±´ì¡°í•˜ì§€ë„ ì•Šê³ |positive	4	#ë²„ë¸”í¼|positive;#ì•„í† í´ë¦¬ë‹‰|neutral;#ìœ ì•„ì„¸ì•ˆì œ|neutral;ê±´ì¡°í•˜ì§€ë„ ì•Šê³ |positive	4	#ë²„ë¸”í¼|positive;#ì•„í† í´ë¦¬ë‹‰|neutral;#ìœ ì•„ì„¸ì•ˆì œ|neutral;ê±´ì¡°í•˜ì§€ë„ ì•Šê³ |positive	inputs.gold_tuples	1	ì•„í† í´ë¦¬ë‹‰ #ìœ ì•„ì„¸ì•ˆì œ|positive	1	0	explicit	0	1	1	1	1	0	1	0	0	0	4	1	1	0	1	0	0	0	1	1	4			stage2	RuleB,RuleE	stage2_selected	0	0	1	1	0	0	3	0	0	epi_000018;epi_000027;epi_000040	0	0		0.0	0.0	0.0	ì¹œêµ¬ë„¤ ê°”ëŠ”ë° #ë²„ë¸”í¼ ìˆì–´ì„œ ì¨ë´£ë”ë‹ˆ ê±´ì¡°í•˜ì§€ë„ ì•Šê³  ë„ˆë¬´ ì¢‹ì•„ì„œ ë³´ë‹ˆ #ì•„í† í´ë¦¬ë‹‰ #ìœ ì•„ì„¸ì•ˆì œ ë”ë¼êµ¬ìš” ğŸ‘¦ğŸ¼
nikluge-sa-2022-train-01613		paper_main	implicit	not evaluated for explicit F1	final_tuples	0		inputs.aspect_sentiments	0		0		0		inputs.gold_tuples	1	|positive	0	1	implicit	0	0	0	0	0	0	0	0	0	0	0	0	0	0	0	0	0	0	0	0	0			stage1	RuleZ		0	0	1	1	0	0	3	0	0	epi_000001;epi_000007;epi_000009	0	0		0.0	0.0	0.0	êµ¿~ğŸ–’
nikluge-sa-2022-train-00336		paper_main	explicit		stage1_tuples	6	ëª¸|neutral;ì˜¨ê°€ì¡±|neutral;ì…|neutral;ì¹˜ì•½|positive;ì¹˜ì•½ë“¤|neutral;ì½”|neutral	final_tuples	6	ëª¸|negative;ì˜¨ê°€ì¡±|neutral;ì…|negative;ì¹˜ì•½|positive;ì¹˜ì•½ë“¤|negative;ì½”|negative	6	ëª¸|negative;ì˜¨ê°€ì¡±|neutral;ì…|negative;ì¹˜ì•½|positive;ì¹˜ì•½ë“¤|negative;ì½”|negative	6	ëª¸|negative;ì˜¨ê°€ì¡±|neutral;ì…|negative;ì¹˜ì•½|positive;ì¹˜ì•½ë“¤|negative;ì½”|negative	inputs.gold_tuples	1	ì¹˜ì•½|positive	1	0	explicit	0	1	1	1	1	0	1	1	1	0	5	1	1	0	1	0	0	0	1	1	5	CONTRAST_SCOPE		stage2	RuleB	stage2_selected	0	0	1	1	0	0	3	0	0	epi_000001;epi_000007;epi_000009	0	0		2.0	0.0	-2.0	ì…ì´ ì–¼ì–¼í• ì •ë„ë¡œ ê°•í•œ ì¹˜ì•½ë“¤ì€ ì½”ê°€ì°¡ ë§µê³  ëª¸ì´ ì•ˆì¢‹ì€ ê¸°ë¶„ì¸ë° ì˜¨ê°€ì¡±ì´ ë‹¤ì‚¬ìš©í•  #ì¹˜ì•½ ìœ¼ë¡œë„ ë”± ì¸ë“¯! ğŸ˜€
nikluge-sa-2022-train-01121		paper_main	implicit	not evaluated for explicit F1	stage1_tuples	1	ê·¸ê²ƒ|neutral	final_tuples	1	ê·¸ê²ƒ|positive	1	ê·¸ê²ƒ|positive	1	ê·¸ê²ƒ|positive	inputs.gold_tuples	1	|positive	0	1	implicit	0	1	1	1	1	0	1	0	0	0	1	0	0	0	0	0	0	0	1	1	1			stage2	RuleB,RuleE	stage2_selected	0	0	1	1	0	0	3	0	0	epi_000001;epi_000007;epi_000009	0	0		0.0	0.0	0.0	&name&ê°€ ë³´ìë§ˆì ì¢‹ì•„í•´ì„œ ì—„ë§ˆëŠ” ê·¸ê²ƒë§Œ ë´ë„ í–‰ë³µí–ˆì–´ìš”.
nikluge-sa-2022-train-01247		paper_main	implicit	not evaluated for explicit F1	stage1_tuples	1	ê°€ìœ„|positive	final_tuples	1	ê°€ìœ„|positive	1	ê°€ìœ„|positive	1	ê°€ìœ„|positive	inputs.gold_tuples	1	|positive	0	1	implicit	0	0	0	0	0	0	0	0	0	0	1	0	0	0	0	0	0	0	1	1	1			stage2	RuleB		1	0	1	1	0	0	3	0	0	epi_000001;epi_000007;epi_000009	0	0		0.0	0.0	0.0	ê°€ë” ì €ëŠ” ê°€ìœ„ë¡œ ì •ë¦¬í–ˆëŠ”ë° ë¹Œë ¤ì„œ ì‚¬ìš©í•´ ë´¤ë”ë‹ˆ ë„ˆë¬´ í¸í•˜ê³  ì¢‹ë”ë¼êµ¬ìš”.
